category,month,count,rollavg_3month
Aggravated Assault,2019-01-01,443,NA
Aggravated Assault,2019-02-01,373,NA
Aggravated Assault,2019-03-01,460,425
Aggravated Assault,2019-04-01,493,442
Aggravated Assault,2019-05-01,569,507
Aggravated Assault,2019-06-01,555,539
Aggravated Assault,2019-07-01,576,567
Aggravated Assault,2019-08-01,531,554
Aggravated Assault,2019-09-01,474,527
Aggravated Assault,2019-10-01,495,500
Aggravated Assault,2019-11-01,435,468
Aggravated Assault,2019-12-01,437,456
Aggravated Assault,2020-01-01,438,437
Aggravated Assault,2020-02-01,388,421
Aggravated Assault,2020-03-01,458,428
Aggravated Assault,2020-04-01,405,417
Aggravated Assault,2020-05-01,545,469
Aggravated Assault,2020-06-01,653,534
Aggravated Assault,2020-07-01,656,618
Aggravated Assault,2020-08-01,621,643
Aggravated Assault,2020-09-01,564,614
Aggravated Assault,2020-10-01,588,591
Aggravated Assault,2020-11-01,484,545
Aggravated Assault,2020-12-01,462,511
Aggravated Assault,2021-01-01,469,472
Aggravated Assault,2021-02-01,435,455
Aggravated Assault,2021-03-01,518,474
Aggravated Assault,2021-04-01,584,512
Aggravated Assault,2021-05-01,637,580
Aggravated Assault,2021-06-01,677,633
Aggravated Assault,2021-07-01,710,675
Aggravated Assault,2021-08-01,704,697
Aggravated Assault,2021-09-01,711,708
Aggravated Assault,2021-10-01,657,691
Aggravated Assault,2021-11-01,567,645
Aggravated Assault,2021-12-01,574,599
Aggravated Assault,2022-01-01,462,534
Aggravated Assault,2022-02-01,431,489
Aggravated Assault,2022-03-01,545,479
Aggravated Assault,2022-04-01,543,506
Aggravated Assault,2022-05-01,696,595
Aggravated Assault,2022-06-01,713,651
Aggravated Assault,2022-07-01,687,699
Aggravated Assault,2022-08-01,734,711
Aggravated Assault,2022-09-01,650,690
Aggravated Assault,2022-10-01,668,684
Aggravated Assault,2022-11-01,577,632
Aggravated Assault,2022-12-01,574,606
Aggravated Assault,2023-01-01,557,569
Aggravated Assault,2023-02-01,454,528
Aggravated Assault,2023-03-01,580,530
Aggravated Assault,2023-04-01,627,554
Aggravated Assault,2023-05-01,720,642
Aggravated Assault,2023-06-01,707,685
Aggravated Assault,2023-07-01,706,711
Aggravated Assault,2023-08-01,715,709
Aggravated Assault,2023-09-01,705,709
Aggravated Assault,2023-10-01,666,695
Aggravated Assault,2023-11-01,623,665
Aggravated Assault,2023-12-01,650,646
Aggravated Assault,2024-01-01,560,611
Aggravated Assault,2024-02-01,572,594
Aggravated Assault,2024-03-01,636,589
Aggravated Assault,2024-04-01,634,614
Aggravated Assault,2024-05-01,718,663
Aggravated Assault,2024-06-01,762,705
Aggravated Assault,2024-07-01,757,746
Aggravated Assault,2024-08-01,727,749
Aggravated Assault,2024-09-01,723,736
Aggravated Assault,2024-10-01,360,603
Aggravated Battery,2019-01-01,468,NA
Aggravated Battery,2019-02-01,476,NA
Aggravated Battery,2019-03-01,576,507
Aggravated Battery,2019-04-01,611,554
Aggravated Battery,2019-05-01,746,644
Aggravated Battery,2019-06-01,792,716
Aggravated Battery,2019-07-01,890,809
Aggravated Battery,2019-08-01,771,818
Aggravated Battery,2019-09-01,689,783
Aggravated Battery,2019-10-01,639,700
Aggravated Battery,2019-11-01,594,641
Aggravated Battery,2019-12-01,600,611
Aggravated Battery,2020-01-01,544,579
Aggravated Battery,2020-02-01,493,546
Aggravated Battery,2020-03-01,540,526
Aggravated Battery,2020-04-01,503,512
Aggravated Battery,2020-05-01,745,596
Aggravated Battery,2020-06-01,935,728
Aggravated Battery,2020-07-01,901,860
Aggravated Battery,2020-08-01,931,922
Aggravated Battery,2020-09-01,742,858
Aggravated Battery,2020-10-01,844,839
Aggravated Battery,2020-11-01,617,734
Aggravated Battery,2020-12-01,515,659
Aggravated Battery,2021-01-01,512,548
Aggravated Battery,2021-02-01,412,480
Aggravated Battery,2021-03-01,613,512
Aggravated Battery,2021-04-01,603,543
Aggravated Battery,2021-05-01,789,668
Aggravated Battery,2021-06-01,836,743
Aggravated Battery,2021-07-01,894,840
Aggravated Battery,2021-08-01,850,860
Aggravated Battery,2021-09-01,839,861
Aggravated Battery,2021-10-01,780,823
Aggravated Battery,2021-11-01,616,745
Aggravated Battery,2021-12-01,592,663
Aggravated Battery,2022-01-01,500,569
Aggravated Battery,2022-02-01,441,511
Aggravated Battery,2022-03-01,564,502
Aggravated Battery,2022-04-01,584,530
Aggravated Battery,2022-05-01,701,616
Aggravated Battery,2022-06-01,668,651
Aggravated Battery,2022-07-01,786,718
Aggravated Battery,2022-08-01,745,733
Aggravated Battery,2022-09-01,747,759
Aggravated Battery,2022-10-01,642,711
Aggravated Battery,2022-11-01,603,664
Aggravated Battery,2022-12-01,508,584
Aggravated Battery,2023-01-01,600,570
Aggravated Battery,2023-02-01,489,532
Aggravated Battery,2023-03-01,569,553
Aggravated Battery,2023-04-01,650,569
Aggravated Battery,2023-05-01,711,643
Aggravated Battery,2023-06-01,786,716
Aggravated Battery,2023-07-01,808,768
Aggravated Battery,2023-08-01,754,783
Aggravated Battery,2023-09-01,755,772
Aggravated Battery,2023-10-01,708,739
Aggravated Battery,2023-11-01,610,691
Aggravated Battery,2023-12-01,630,649
Aggravated Battery,2024-01-01,512,584
Aggravated Battery,2024-02-01,563,568
Aggravated Battery,2024-03-01,597,557
Aggravated Battery,2024-04-01,638,599
Aggravated Battery,2024-05-01,780,672
Aggravated Battery,2024-06-01,848,755
Aggravated Battery,2024-07-01,823,817
Aggravated Battery,2024-08-01,755,809
Aggravated Battery,2024-09-01,761,780
Aggravated Battery,2024-10-01,372,629
Arson,2019-01-01,22,NA
Arson,2019-02-01,29,NA
Arson,2019-03-01,28,26
Arson,2019-04-01,31,29
Arson,2019-05-01,25,28
Arson,2019-06-01,29,28
Arson,2019-07-01,46,33
Arson,2019-08-01,36,37
Arson,2019-09-01,29,37
Arson,2019-10-01,28,31
Arson,2019-11-01,32,30
Arson,2019-12-01,41,34
Arson,2020-01-01,23,32
Arson,2020-02-01,31,32
Arson,2020-03-01,27,27
Arson,2020-04-01,36,31
Arson,2020-05-01,78,47
Arson,2020-06-01,74,63
Arson,2020-07-01,63,72
Arson,2020-08-01,57,65
Arson,2020-09-01,56,59
Arson,2020-10-01,54,56
Arson,2020-11-01,49,53
Arson,2020-12-01,40,48
Arson,2021-01-01,39,43
Arson,2021-02-01,23,34
Arson,2021-03-01,49,37
Arson,2021-04-01,41,38
Arson,2021-05-01,49,46
Arson,2021-06-01,49,46
Arson,2021-07-01,51,50
Arson,2021-08-01,48,49
Arson,2021-09-01,46,48
Arson,2021-10-01,44,46
Arson,2021-11-01,43,44
Arson,2021-12-01,47,45
Arson,2022-01-01,26,39
Arson,2022-02-01,26,33
Arson,2022-03-01,23,25
Arson,2022-04-01,33,27
Arson,2022-05-01,44,33
Arson,2022-06-01,37,38
Arson,2022-07-01,39,40
Arson,2022-08-01,40,39
Arson,2022-09-01,49,43
Arson,2022-10-01,41,43
Arson,2022-11-01,29,40
Arson,2022-12-01,35,35
Arson,2023-01-01,46,37
Arson,2023-02-01,33,38
Arson,2023-03-01,29,36
Arson,2023-04-01,37,33
Arson,2023-05-01,56,41
Arson,2023-06-01,49,47
Arson,2023-07-01,45,50
Arson,2023-08-01,34,43
Arson,2023-09-01,55,45
Arson,2023-10-01,43,44
Arson,2023-11-01,38,45
Arson,2023-12-01,48,43
Arson,2024-01-01,43,43
Arson,2024-02-01,32,41
Arson,2024-03-01,43,39
Arson,2024-04-01,33,36
Arson,2024-05-01,49,42
Arson,2024-06-01,46,43
Arson,2024-07-01,36,44
Arson,2024-08-01,43,42
Arson,2024-09-01,44,41
Arson,2024-10-01,22,36
Burglary,2019-01-01,797,NA
Burglary,2019-02-01,671,NA
Burglary,2019-03-01,677,715
Burglary,2019-04-01,700,683
Burglary,2019-05-01,815,731
Burglary,2019-06-01,789,768
Burglary,2019-07-01,928,844
Burglary,2019-08-01,904,874
Burglary,2019-09-01,875,902
Burglary,2019-10-01,863,881
Burglary,2019-11-01,792,843
Burglary,2019-12-01,827,827
Burglary,2020-01-01,740,786
Burglary,2020-02-01,619,729
Burglary,2020-03-01,568,642
Burglary,2020-04-01,528,572
Burglary,2020-05-01,1323,806
Burglary,2020-06-01,754,868
Burglary,2020-07-01,738,938
Burglary,2020-08-01,1062,851
Burglary,2020-09-01,614,805
Burglary,2020-10-01,643,773
Burglary,2020-11-01,619,625
Burglary,2020-12-01,549,604
Burglary,2021-01-01,486,551
Burglary,2021-02-01,351,462
Burglary,2021-03-01,394,410
Burglary,2021-04-01,416,387
Burglary,2021-05-01,472,427
Burglary,2021-06-01,509,466
Burglary,2021-07-01,556,512
Burglary,2021-08-01,600,555
Burglary,2021-09-01,667,608
Burglary,2021-10-01,757,675
Burglary,2021-11-01,733,719
Burglary,2021-12-01,718,736
Burglary,2022-01-01,579,677
Burglary,2022-02-01,509,602
Burglary,2022-03-01,578,555
Burglary,2022-04-01,561,549
Burglary,2022-05-01,605,581
Burglary,2022-06-01,674,613
Burglary,2022-07-01,700,660
Burglary,2022-08-01,672,682
Burglary,2022-09-01,655,676
Burglary,2022-10-01,690,672
Burglary,2022-11-01,674,673
Burglary,2022-12-01,695,686
Burglary,2023-01-01,677,682
Burglary,2023-02-01,542,638
Burglary,2023-03-01,570,596
Burglary,2023-04-01,598,570
Burglary,2023-05-01,613,594
Burglary,2023-06-01,601,604
Burglary,2023-07-01,637,617
Burglary,2023-08-01,651,630
Burglary,2023-09-01,639,642
Burglary,2023-10-01,654,648
Burglary,2023-11-01,681,658
Burglary,2023-12-01,621,652
Burglary,2024-01-01,551,618
Burglary,2024-02-01,545,572
Burglary,2024-03-01,595,564
Burglary,2024-04-01,601,580
Burglary,2024-05-01,759,652
Burglary,2024-06-01,626,662
Burglary,2024-07-01,760,715
Burglary,2024-08-01,772,719
Burglary,2024-09-01,827,786
Burglary,2024-10-01,415,671
Criminal Sexual Abuse,2019-01-01,120,NA
Criminal Sexual Abuse,2019-02-01,120,NA
Criminal Sexual Abuse,2019-03-01,124,121
Criminal Sexual Abuse,2019-04-01,92,112
Criminal Sexual Abuse,2019-05-01,156,124
Criminal Sexual Abuse,2019-06-01,126,125
Criminal Sexual Abuse,2019-07-01,132,138
Criminal Sexual Abuse,2019-08-01,140,133
Criminal Sexual Abuse,2019-09-01,147,140
Criminal Sexual Abuse,2019-10-01,130,139
Criminal Sexual Abuse,2019-11-01,132,136
Criminal Sexual Abuse,2019-12-01,134,132
Criminal Sexual Abuse,2020-01-01,120,129
Criminal Sexual Abuse,2020-02-01,115,123
Criminal Sexual Abuse,2020-03-01,109,115
Criminal Sexual Abuse,2020-04-01,62,95
Criminal Sexual Abuse,2020-05-01,74,82
Criminal Sexual Abuse,2020-06-01,108,81
Criminal Sexual Abuse,2020-07-01,114,99
Criminal Sexual Abuse,2020-08-01,105,109
Criminal Sexual Abuse,2020-09-01,78,99
Criminal Sexual Abuse,2020-10-01,99,94
Criminal Sexual Abuse,2020-11-01,73,83
Criminal Sexual Abuse,2020-12-01,70,81
Criminal Sexual Abuse,2021-01-01,93,79
Criminal Sexual Abuse,2021-02-01,80,81
Criminal Sexual Abuse,2021-03-01,92,88
Criminal Sexual Abuse,2021-04-01,81,84
Criminal Sexual Abuse,2021-05-01,111,95
Criminal Sexual Abuse,2021-06-01,112,101
Criminal Sexual Abuse,2021-07-01,107,110
Criminal Sexual Abuse,2021-08-01,103,107
Criminal Sexual Abuse,2021-09-01,116,109
Criminal Sexual Abuse,2021-10-01,115,111
Criminal Sexual Abuse,2021-11-01,107,113
Criminal Sexual Abuse,2021-12-01,98,107
Criminal Sexual Abuse,2022-01-01,104,103
Criminal Sexual Abuse,2022-02-01,76,93
Criminal Sexual Abuse,2022-03-01,133,104
Criminal Sexual Abuse,2022-04-01,103,104
Criminal Sexual Abuse,2022-05-01,119,118
Criminal Sexual Abuse,2022-06-01,106,109
Criminal Sexual Abuse,2022-07-01,119,115
Criminal Sexual Abuse,2022-08-01,129,118
Criminal Sexual Abuse,2022-09-01,130,126
Criminal Sexual Abuse,2022-10-01,104,121
Criminal Sexual Abuse,2022-11-01,96,110
Criminal Sexual Abuse,2022-12-01,103,101
Criminal Sexual Abuse,2023-01-01,108,102
Criminal Sexual Abuse,2023-02-01,103,105
Criminal Sexual Abuse,2023-03-01,110,107
Criminal Sexual Abuse,2023-04-01,122,112
Criminal Sexual Abuse,2023-05-01,143,125
Criminal Sexual Abuse,2023-06-01,108,124
Criminal Sexual Abuse,2023-07-01,144,132
Criminal Sexual Abuse,2023-08-01,141,131
Criminal Sexual Abuse,2023-09-01,143,143
Criminal Sexual Abuse,2023-10-01,107,130
Criminal Sexual Abuse,2023-11-01,104,118
Criminal Sexual Abuse,2023-12-01,121,111
Criminal Sexual Abuse,2024-01-01,95,107
Criminal Sexual Abuse,2024-02-01,121,112
Criminal Sexual Abuse,2024-03-01,100,105
Criminal Sexual Abuse,2024-04-01,133,118
Criminal Sexual Abuse,2024-05-01,134,122
Criminal Sexual Abuse,2024-06-01,103,123
Criminal Sexual Abuse,2024-07-01,123,120
Criminal Sexual Abuse,2024-08-01,95,107
Criminal Sexual Abuse,2024-09-01,105,108
Criminal Sexual Abuse,2024-10-01,47,82
Criminal Sexual Assault,2019-01-01,188,NA
Criminal Sexual Assault,2019-02-01,130,NA
Criminal Sexual Assault,2019-03-01,135,151
Criminal Sexual Assault,2019-04-01,142,136
Criminal Sexual Assault,2019-05-01,182,153
Criminal Sexual Assault,2019-06-01,149,158
Criminal Sexual Assault,2019-07-01,191,174
Criminal Sexual Assault,2019-08-01,179,173
Criminal Sexual Assault,2019-09-01,163,178
Criminal Sexual Assault,2019-10-01,161,168
Criminal Sexual Assault,2019-11-01,136,153
Criminal Sexual Assault,2019-12-01,136,144
Criminal Sexual Assault,2020-01-01,183,152
Criminal Sexual Assault,2020-02-01,140,153
Criminal Sexual Assault,2020-03-01,123,149
Criminal Sexual Assault,2020-04-01,74,112
Criminal Sexual Assault,2020-05-01,108,102
Criminal Sexual Assault,2020-06-01,118,100
Criminal Sexual Assault,2020-07-01,139,122
Criminal Sexual Assault,2020-08-01,122,126
Criminal Sexual Assault,2020-09-01,120,127
Criminal Sexual Assault,2020-10-01,121,121
Criminal Sexual Assault,2020-11-01,119,120
Criminal Sexual Assault,2020-12-01,101,114
Criminal Sexual Assault,2021-01-01,111,110
Criminal Sexual Assault,2021-02-01,114,109
Criminal Sexual Assault,2021-03-01,143,123
Criminal Sexual Assault,2021-04-01,129,129
Criminal Sexual Assault,2021-05-01,154,142
Criminal Sexual Assault,2021-06-01,165,149
Criminal Sexual Assault,2021-07-01,158,159
Criminal Sexual Assault,2021-08-01,155,159
Criminal Sexual Assault,2021-09-01,147,153
Criminal Sexual Assault,2021-10-01,147,150
Criminal Sexual Assault,2021-11-01,139,144
Criminal Sexual Assault,2021-12-01,139,142
Criminal Sexual Assault,2022-01-01,133,137
Criminal Sexual Assault,2022-02-01,139,137
Criminal Sexual Assault,2022-03-01,143,138
Criminal Sexual Assault,2022-04-01,151,144
Criminal Sexual Assault,2022-05-01,166,153
Criminal Sexual Assault,2022-06-01,158,158
Criminal Sexual Assault,2022-07-01,187,170
Criminal Sexual Assault,2022-08-01,157,167
Criminal Sexual Assault,2022-09-01,151,165
Criminal Sexual Assault,2022-10-01,179,162
Criminal Sexual Assault,2022-11-01,129,153
Criminal Sexual Assault,2022-12-01,113,140
Criminal Sexual Assault,2023-01-01,154,132
Criminal Sexual Assault,2023-02-01,127,131
Criminal Sexual Assault,2023-03-01,135,139
Criminal Sexual Assault,2023-04-01,141,134
Criminal Sexual Assault,2023-05-01,177,151
Criminal Sexual Assault,2023-06-01,166,161
Criminal Sexual Assault,2023-07-01,181,175
Criminal Sexual Assault,2023-08-01,171,173
Criminal Sexual Assault,2023-09-01,154,169
Criminal Sexual Assault,2023-10-01,153,159
Criminal Sexual Assault,2023-11-01,168,158
Criminal Sexual Assault,2023-12-01,111,144
Criminal Sexual Assault,2024-01-01,129,136
Criminal Sexual Assault,2024-02-01,138,126
Criminal Sexual Assault,2024-03-01,132,133
Criminal Sexual Assault,2024-04-01,130,133
Criminal Sexual Assault,2024-05-01,146,136
Criminal Sexual Assault,2024-06-01,160,145
Criminal Sexual Assault,2024-07-01,154,153
Criminal Sexual Assault,2024-08-01,175,163
Criminal Sexual Assault,2024-09-01,155,161
Criminal Sexual Assault,2024-10-01,64,131
Disorderly Conduct,2019-01-01,153,NA
Disorderly Conduct,2019-02-01,187,NA
Disorderly Conduct,2019-03-01,212,184
Disorderly Conduct,2019-04-01,233,211
Disorderly Conduct,2019-05-01,282,242
Disorderly Conduct,2019-06-01,250,255
Disorderly Conduct,2019-07-01,306,279
Disorderly Conduct,2019-08-01,272,276
Disorderly Conduct,2019-09-01,257,278
Disorderly Conduct,2019-10-01,213,247
Disorderly Conduct,2019-11-01,182,217
Disorderly Conduct,2019-12-01,173,189
Disorderly Conduct,2020-01-01,198,184
Disorderly Conduct,2020-02-01,177,183
Disorderly Conduct,2020-03-01,129,168
Disorderly Conduct,2020-04-01,43,116
Disorderly Conduct,2020-05-01,101,91
Disorderly Conduct,2020-06-01,90,78
Disorderly Conduct,2020-07-01,92,94
Disorderly Conduct,2020-08-01,107,96
Disorderly Conduct,2020-09-01,70,90
Disorderly Conduct,2020-10-01,102,93
Disorderly Conduct,2020-11-01,72,81
Disorderly Conduct,2020-12-01,67,80
Disorderly Conduct,2021-01-01,61,67
Disorderly Conduct,2021-02-01,35,54
Disorderly Conduct,2021-03-01,59,52
Disorderly Conduct,2021-04-01,46,47
Disorderly Conduct,2021-05-01,61,55
Disorderly Conduct,2021-06-01,69,59
Disorderly Conduct,2021-07-01,71,67
Disorderly Conduct,2021-08-01,37,59
Disorderly Conduct,2021-09-01,75,61
Disorderly Conduct,2021-10-01,51,54
Disorderly Conduct,2021-11-01,49,58
Disorderly Conduct,2021-12-01,57,52
Disorderly Conduct,2022-01-01,35,47
Disorderly Conduct,2022-02-01,67,53
Disorderly Conduct,2022-03-01,60,54
Disorderly Conduct,2022-04-01,65,64
Disorderly Conduct,2022-05-01,94,73
Disorderly Conduct,2022-06-01,104,88
Disorderly Conduct,2022-07-01,83,94
Disorderly Conduct,2022-08-01,75,87
Disorderly Conduct,2022-09-01,70,76
Disorderly Conduct,2022-10-01,71,72
Disorderly Conduct,2022-11-01,42,61
Disorderly Conduct,2022-12-01,50,54
Disorderly Conduct,2023-01-01,69,54
Disorderly Conduct,2023-02-01,91,70
Disorderly Conduct,2023-03-01,110,90
Disorderly Conduct,2023-04-01,93,98
Disorderly Conduct,2023-05-01,96,100
Disorderly Conduct,2023-06-01,95,95
Disorderly Conduct,2023-07-01,82,91
Disorderly Conduct,2023-08-01,123,100
Disorderly Conduct,2023-09-01,108,104
Disorderly Conduct,2023-10-01,103,111
Disorderly Conduct,2023-11-01,92,101
Disorderly Conduct,2023-12-01,85,93
Disorderly Conduct,2024-01-01,74,84
Disorderly Conduct,2024-02-01,102,87
Disorderly Conduct,2024-03-01,117,98
Disorderly Conduct,2024-04-01,87,102
Disorderly Conduct,2024-05-01,106,103
Disorderly Conduct,2024-06-01,129,107
Disorderly Conduct,2024-07-01,144,126
Disorderly Conduct,2024-08-01,133,135
Disorderly Conduct,2024-09-01,116,131
Disorderly Conduct,2024-10-01,55,101
Drug Abuse,2019-01-01,1158,NA
Drug Abuse,2019-02-01,1142,NA
Drug Abuse,2019-03-01,1234,1178
Drug Abuse,2019-04-01,1126,1167
Drug Abuse,2019-05-01,1054,1138
Drug Abuse,2019-06-01,1086,1089
Drug Abuse,2019-07-01,1156,1099
Drug Abuse,2019-08-01,1275,1172
Drug Abuse,2019-09-01,1057,1163
Drug Abuse,2019-10-01,1029,1120
Drug Abuse,2019-11-01,990,1025
Drug Abuse,2019-12-01,934,984
Drug Abuse,2020-01-01,1137,1020
Drug Abuse,2020-02-01,1042,1038
Drug Abuse,2020-03-01,648,942
Drug Abuse,2020-04-01,135,608
Drug Abuse,2020-05-01,411,398
Drug Abuse,2020-06-01,285,277
Drug Abuse,2020-07-01,417,371
Drug Abuse,2020-08-01,448,383
Drug Abuse,2020-09-01,438,434
Drug Abuse,2020-10-01,534,473
Drug Abuse,2020-11-01,448,473
Drug Abuse,2020-12-01,441,474
Drug Abuse,2021-01-01,432,440
Drug Abuse,2021-02-01,532,468
Drug Abuse,2021-03-01,722,562
Drug Abuse,2021-04-01,432,562
Drug Abuse,2021-05-01,488,547
Drug Abuse,2021-06-01,402,441
Drug Abuse,2021-07-01,315,402
Drug Abuse,2021-08-01,251,323
Drug Abuse,2021-09-01,204,257
Drug Abuse,2021-10-01,244,233
Drug Abuse,2021-11-01,224,224
Drug Abuse,2021-12-01,183,217
Drug Abuse,2022-01-01,212,206
Drug Abuse,2022-02-01,383,259
Drug Abuse,2022-03-01,415,337
Drug Abuse,2022-04-01,399,399
Drug Abuse,2022-05-01,331,382
Drug Abuse,2022-06-01,339,356
Drug Abuse,2022-07-01,323,331
Drug Abuse,2022-08-01,340,334
Drug Abuse,2022-09-01,328,330
Drug Abuse,2022-10-01,293,320
Drug Abuse,2022-11-01,285,302
Drug Abuse,2022-12-01,286,288
Drug Abuse,2023-01-01,489,353
Drug Abuse,2023-02-01,467,414
Drug Abuse,2023-03-01,406,454
Drug Abuse,2023-04-01,332,402
Drug Abuse,2023-05-01,302,347
Drug Abuse,2023-06-01,356,330
Drug Abuse,2023-07-01,366,341
Drug Abuse,2023-08-01,399,374
Drug Abuse,2023-09-01,335,367
Drug Abuse,2023-10-01,402,379
Drug Abuse,2023-11-01,422,386
Drug Abuse,2023-12-01,379,401
Drug Abuse,2024-01-01,469,423
Drug Abuse,2024-02-01,497,448
Drug Abuse,2024-03-01,496,487
Drug Abuse,2024-04-01,386,460
Drug Abuse,2024-05-01,356,413
Drug Abuse,2024-06-01,377,373
Drug Abuse,2024-07-01,457,397
Drug Abuse,2024-08-01,373,402
Drug Abuse,2024-09-01,373,401
Drug Abuse,2024-10-01,221,322
Embezzlement,2019-01-01,6,NA
Embezzlement,2019-02-01,3,NA
Embezzlement,2019-03-01,5,5
Embezzlement,2019-04-01,3,4
Embezzlement,2019-05-01,3,4
Embezzlement,2019-06-01,3,3
Embezzlement,2019-07-01,4,3
Embezzlement,2019-08-01,2,3
Embezzlement,2019-09-01,6,4
Embezzlement,2019-10-01,7,5
Embezzlement,2019-12-01,2,5
Embezzlement,2020-01-01,5,5
Embezzlement,2020-02-01,1,3
Embezzlement,2020-04-01,1,2
Embezzlement,2020-06-01,1,1
Embezzlement,2020-07-01,4,2
Embezzlement,2020-09-01,3,3
Embezzlement,2020-11-01,3,3
Embezzlement,2020-12-01,3,3
Embezzlement,2021-01-01,3,3
Embezzlement,2021-03-01,3,3
Embezzlement,2021-04-01,5,4
Embezzlement,2021-05-01,1,3
Embezzlement,2021-06-01,2,3
Embezzlement,2021-08-01,3,2
Embezzlement,2021-10-01,2,2
Embezzlement,2021-11-01,1,2
Embezzlement,2021-12-01,8,4
Embezzlement,2022-01-01,4,4
Embezzlement,2022-02-01,3,5
Embezzlement,2022-03-01,2,3
Embezzlement,2022-04-01,1,2
Embezzlement,2022-05-01,2,2
Embezzlement,2022-06-01,5,3
Embezzlement,2022-07-01,1,3
Embezzlement,2022-08-01,1,2
Embezzlement,2022-09-01,5,2
Embezzlement,2022-10-01,1,2
Embezzlement,2022-11-01,1,2
Embezzlement,2022-12-01,5,2
Embezzlement,2023-01-01,6,4
Embezzlement,2023-02-01,4,5
Embezzlement,2023-03-01,6,5
Embezzlement,2023-04-01,2,4
Embezzlement,2023-05-01,3,4
Embezzlement,2023-06-01,3,3
Embezzlement,2023-07-01,3,3
Embezzlement,2023-08-01,6,4
Embezzlement,2023-09-01,5,5
Embezzlement,2023-10-01,6,6
Embezzlement,2023-11-01,2,4
Embezzlement,2023-12-01,1,3
Embezzlement,2024-01-01,4,2
Embezzlement,2024-03-01,5,3
Embezzlement,2024-04-01,4,4
Embezzlement,2024-05-01,5,5
Embezzlement,2024-06-01,4,4
Embezzlement,2024-08-01,1,3
Embezzlement,2024-09-01,1,2
Forgery & Counterfeiting,2019-01-01,145,NA
Forgery & Counterfeiting,2019-02-01,95,NA
Forgery & Counterfeiting,2019-03-01,85,108
Forgery & Counterfeiting,2019-04-01,125,102
Forgery & Counterfeiting,2019-05-01,138,116
Forgery & Counterfeiting,2019-06-01,135,133
Forgery & Counterfeiting,2019-07-01,142,138
Forgery & Counterfeiting,2019-08-01,178,152
Forgery & Counterfeiting,2019-09-01,121,147
Forgery & Counterfeiting,2019-10-01,144,148
Forgery & Counterfeiting,2019-11-01,135,133
Forgery & Counterfeiting,2019-12-01,134,138
Forgery & Counterfeiting,2020-01-01,132,134
Forgery & Counterfeiting,2020-02-01,129,132
Forgery & Counterfeiting,2020-03-01,88,116
Forgery & Counterfeiting,2020-04-01,112,110
Forgery & Counterfeiting,2020-05-01,76,92
Forgery & Counterfeiting,2020-06-01,62,83
Forgery & Counterfeiting,2020-07-01,64,67
Forgery & Counterfeiting,2020-08-01,77,68
Forgery & Counterfeiting,2020-09-01,76,72
Forgery & Counterfeiting,2020-10-01,74,76
Forgery & Counterfeiting,2020-11-01,76,75
Forgery & Counterfeiting,2020-12-01,77,76
Forgery & Counterfeiting,2021-01-01,71,75
Forgery & Counterfeiting,2021-02-01,59,69
Forgery & Counterfeiting,2021-03-01,58,63
Forgery & Counterfeiting,2021-04-01,55,57
Forgery & Counterfeiting,2021-05-01,60,58
Forgery & Counterfeiting,2021-06-01,64,60
Forgery & Counterfeiting,2021-07-01,73,66
Forgery & Counterfeiting,2021-08-01,84,74
Forgery & Counterfeiting,2021-09-01,82,80
Forgery & Counterfeiting,2021-10-01,117,94
Forgery & Counterfeiting,2021-11-01,137,112
Forgery & Counterfeiting,2021-12-01,154,136
Forgery & Counterfeiting,2022-01-01,159,150
Forgery & Counterfeiting,2022-02-01,125,146
Forgery & Counterfeiting,2022-03-01,178,154
Forgery & Counterfeiting,2022-04-01,147,150
Forgery & Counterfeiting,2022-05-01,137,154
Forgery & Counterfeiting,2022-06-01,164,149
Forgery & Counterfeiting,2022-07-01,187,163
Forgery & Counterfeiting,2022-08-01,267,206
Forgery & Counterfeiting,2022-09-01,312,255
Forgery & Counterfeiting,2022-10-01,344,308
Forgery & Counterfeiting,2022-11-01,296,317
Forgery & Counterfeiting,2022-12-01,236,292
Forgery & Counterfeiting,2023-01-01,198,243
Forgery & Counterfeiting,2023-02-01,122,185
Forgery & Counterfeiting,2023-03-01,158,159
Forgery & Counterfeiting,2023-04-01,176,152
Forgery & Counterfeiting,2023-05-01,160,165
Forgery & Counterfeiting,2023-06-01,160,165
Forgery & Counterfeiting,2023-07-01,108,143
Forgery & Counterfeiting,2023-08-01,134,134
Forgery & Counterfeiting,2023-09-01,148,130
Forgery & Counterfeiting,2023-10-01,164,149
Forgery & Counterfeiting,2023-11-01,143,152
Forgery & Counterfeiting,2023-12-01,154,154
Forgery & Counterfeiting,2024-01-01,109,135
Forgery & Counterfeiting,2024-02-01,117,127
Forgery & Counterfeiting,2024-03-01,137,121
Forgery & Counterfeiting,2024-04-01,112,122
Forgery & Counterfeiting,2024-05-01,156,135
Forgery & Counterfeiting,2024-06-01,121,130
Forgery & Counterfeiting,2024-07-01,108,128
Forgery & Counterfeiting,2024-08-01,130,120
Forgery & Counterfeiting,2024-09-01,107,115
Forgery & Counterfeiting,2024-10-01,36,91
Fraud,2019-01-01,1519,NA
Fraud,2019-02-01,1381,NA
Fraud,2019-03-01,1553,1484
Fraud,2019-04-01,1512,1482
Fraud,2019-05-01,1568,1544
Fraud,2019-06-01,1480,1520
Fraud,2019-07-01,1617,1555
Fraud,2019-08-01,1591,1563
Fraud,2019-09-01,1499,1569
Fraud,2019-10-01,1562,1551
Fraud,2019-11-01,1561,1541
Fraud,2019-12-01,1502,1542
Fraud,2020-01-01,1548,1537
Fraud,2020-02-01,1313,1454
Fraud,2020-03-01,1192,1351
Fraud,2020-04-01,1061,1189
Fraud,2020-05-01,1024,1092
Fraud,2020-06-01,1151,1079
Fraud,2020-07-01,1371,1182
Fraud,2020-08-01,1159,1227
Fraud,2020-09-01,1166,1232
Fraud,2020-10-01,2045,1457
Fraud,2020-11-01,2029,1747
Fraud,2020-12-01,2824,2299
Fraud,2021-01-01,2556,2470
Fraud,2021-02-01,1595,2325
Fraud,2021-03-01,1614,1922
Fraud,2021-04-01,1227,1479
Fraud,2021-05-01,1258,1366
Fraud,2021-06-01,1485,1323
Fraud,2021-07-01,1302,1348
Fraud,2021-08-01,1268,1352
Fraud,2021-09-01,1246,1272
Fraud,2021-10-01,1170,1228
Fraud,2021-11-01,1061,1159
Fraud,2021-12-01,1049,1093
Fraud,2022-01-01,1203,1104
Fraud,2022-02-01,968,1073
Fraud,2022-03-01,1257,1143
Fraud,2022-04-01,1245,1157
Fraud,2022-05-01,1220,1241
Fraud,2022-06-01,1246,1237
Fraud,2022-07-01,1180,1215
Fraud,2022-08-01,1231,1219
Fraud,2022-09-01,1292,1234
Fraud,2022-10-01,1288,1270
Fraud,2022-11-01,1209,1263
Fraud,2022-12-01,1285,1261
Fraud,2023-01-01,1321,1272
Fraud,2023-02-01,1304,1303
Fraud,2023-03-01,1429,1351
Fraud,2023-04-01,1359,1364
Fraud,2023-05-01,1302,1363
Fraud,2023-06-01,1282,1314
Fraud,2023-07-01,1343,1309
Fraud,2023-08-01,1413,1346
Fraud,2023-09-01,1253,1336
Fraud,2023-10-01,1207,1291
Fraud,2023-11-01,1159,1206
Fraud,2023-12-01,1177,1181
Fraud,2024-01-01,1228,1188
Fraud,2024-02-01,1238,1214
Fraud,2024-03-01,1210,1225
Fraud,2024-04-01,1205,1218
Fraud,2024-05-01,1271,1229
Fraud,2024-06-01,1239,1238
Fraud,2024-07-01,1169,1226
Fraud,2024-08-01,1140,1183
Fraud,2024-09-01,1023,1111
Fraud,2024-10-01,469,877
Gambling,2019-01-01,4,NA
Gambling,2019-02-01,2,NA
Gambling,2019-03-01,5,4
Gambling,2019-04-01,3,3
Gambling,2019-05-01,14,7
Gambling,2019-06-01,28,15
Gambling,2019-07-01,13,18
Gambling,2019-08-01,32,24
Gambling,2019-09-01,24,23
Gambling,2019-10-01,12,23
Gambling,2019-11-01,4,13
Gambling,2019-12-01,2,6
Gambling,2020-01-01,2,3
Gambling,2020-03-01,4,3
Gambling,2020-05-01,1,2
Gambling,2020-06-01,7,4
Gambling,2020-07-01,2,3
Gambling,2020-08-01,3,4
Gambling,2020-09-01,3,3
Gambling,2020-10-01,1,2
Gambling,2020-11-01,3,2
Gambling,2021-03-01,1,2
Gambling,2021-04-01,2,2
Gambling,2021-05-01,1,1
Gambling,2021-06-01,3,2
Gambling,2021-07-01,1,2
Gambling,2021-09-01,1,2
Gambling,2021-10-01,3,2
Gambling,2021-11-01,1,2
Gambling,2022-03-01,1,2
Gambling,2022-05-01,3,2
Gambling,2022-06-01,2,2
Gambling,2022-07-01,2,2
Gambling,2022-08-01,2,2
Gambling,2023-01-01,1,2
Gambling,2023-03-01,1,1
Gambling,2023-06-01,2,1
Gambling,2023-07-01,2,2
Gambling,2023-08-01,1,2
Gambling,2023-09-01,4,2
Gambling,2023-10-01,3,3
Gambling,2023-12-01,1,3
Gambling,2024-03-01,3,2
Gambling,2024-04-01,2,2
Gambling,2024-05-01,2,2
Gambling,2024-06-01,1,2
Gambling,2024-07-01,2,2
Gambling,2024-08-01,2,2
Gambling,2024-09-01,4,3
Gambling,2024-10-01,2,3
Human Trafficking,2019-01-01,3,NA
Human Trafficking,2019-03-01,1,NA
Human Trafficking,2019-04-01,1,2
Human Trafficking,2019-06-01,4,2
Human Trafficking,2019-07-01,1,2
Human Trafficking,2019-08-01,3,3
Human Trafficking,2019-09-01,1,2
Human Trafficking,2019-10-01,1,2
Human Trafficking,2020-02-01,2,1
Human Trafficking,2020-05-01,1,1
Human Trafficking,2020-07-01,1,1
Human Trafficking,2020-09-01,1,1
Human Trafficking,2021-01-01,2,1
Human Trafficking,2021-02-01,1,1
Human Trafficking,2021-05-01,1,1
Human Trafficking,2021-07-01,1,1
Human Trafficking,2021-09-01,3,2
Human Trafficking,2021-11-01,1,2
Human Trafficking,2022-01-01,2,2
Human Trafficking,2022-02-01,1,1
Human Trafficking,2022-03-01,1,1
Human Trafficking,2022-05-01,2,1
Human Trafficking,2022-06-01,3,2
Human Trafficking,2022-08-01,1,2
Human Trafficking,2022-10-01,2,2
Human Trafficking,2022-12-01,1,1
Human Trafficking,2023-03-01,2,2
Human Trafficking,2023-06-01,1,1
Human Trafficking,2023-08-01,1,1
Human Trafficking,2023-10-01,2,1
Human Trafficking,2023-11-01,2,2
Human Trafficking,2024-01-01,1,2
Human Trafficking,2024-03-01,1,1
Involuntary Manslaughter,2019-03-01,3,NA
Involuntary Manslaughter,2019-04-01,1,NA
Involuntary Manslaughter,2019-05-01,1,2
Involuntary Manslaughter,2019-06-01,1,1
Involuntary Manslaughter,2019-08-01,2,1
Involuntary Manslaughter,2019-12-01,2,2
Involuntary Manslaughter,2020-02-01,2,2
Involuntary Manslaughter,2020-05-01,1,2
Involuntary Manslaughter,2020-07-01,2,2
Involuntary Manslaughter,2020-10-01,2,2
Involuntary Manslaughter,2020-11-01,1,2
Involuntary Manslaughter,2020-12-01,1,1
Involuntary Manslaughter,2021-01-01,1,1
Involuntary Manslaughter,2021-02-01,1,1
Involuntary Manslaughter,2021-04-01,1,1
Involuntary Manslaughter,2021-08-01,1,1
Involuntary Manslaughter,2021-09-01,1,1
Involuntary Manslaughter,2021-10-01,1,1
Involuntary Manslaughter,2022-01-01,1,1
Involuntary Manslaughter,2022-04-01,1,1
Involuntary Manslaughter,2022-08-01,1,1
Involuntary Manslaughter,2022-09-01,2,1
Involuntary Manslaughter,2022-11-01,1,1
Involuntary Manslaughter,2022-12-01,1,1
Involuntary Manslaughter,2023-03-01,1,1
Liquor License,2019-01-01,21,NA
Liquor License,2019-02-01,9,NA
Liquor License,2019-03-01,18,16
Liquor License,2019-04-01,13,13
Liquor License,2019-05-01,15,15
Liquor License,2019-06-01,23,17
Liquor License,2019-07-01,36,25
Liquor License,2019-08-01,29,29
Liquor License,2019-09-01,25,30
Liquor License,2019-10-01,18,24
Liquor License,2019-11-01,19,21
Liquor License,2019-12-01,6,14
Liquor License,2020-01-01,15,13
Liquor License,2020-02-01,21,14
Liquor License,2020-03-01,11,16
Liquor License,2020-04-01,1,11
Liquor License,2020-05-01,4,5
Liquor License,2020-06-01,1,2
Liquor License,2020-07-01,29,11
Liquor License,2020-08-01,28,19
Liquor License,2020-09-01,15,24
Liquor License,2020-10-01,11,18
Liquor License,2020-11-01,3,10
Liquor License,2020-12-01,4,6
Liquor License,2021-01-01,5,4
Liquor License,2021-02-01,18,9
Liquor License,2021-03-01,10,11
Liquor License,2021-04-01,8,12
Liquor License,2021-05-01,17,12
Liquor License,2021-06-01,17,14
Liquor License,2021-07-01,10,15
Liquor License,2021-08-01,9,12
Liquor License,2021-09-01,25,15
Liquor License,2021-10-01,20,18
Liquor License,2021-11-01,29,25
Liquor License,2021-12-01,16,22
Liquor License,2022-01-01,5,17
Liquor License,2022-02-01,4,8
Liquor License,2022-03-01,21,10
Liquor License,2022-04-01,15,13
Liquor License,2022-05-01,25,20
Liquor License,2022-06-01,33,24
Liquor License,2022-07-01,22,27
Liquor License,2022-08-01,7,21
Liquor License,2022-09-01,20,16
Liquor License,2022-10-01,19,15
Liquor License,2022-11-01,23,21
Liquor License,2022-12-01,9,17
Liquor License,2023-01-01,17,16
Liquor License,2023-02-01,11,12
Liquor License,2023-03-01,24,17
Liquor License,2023-04-01,10,15
Liquor License,2023-05-01,19,18
Liquor License,2023-06-01,20,16
Liquor License,2023-07-01,14,18
Liquor License,2023-08-01,13,16
Liquor License,2023-09-01,13,13
Liquor License,2023-10-01,14,13
Liquor License,2023-11-01,14,14
Liquor License,2023-12-01,17,15
Liquor License,2024-01-01,13,15
Liquor License,2024-02-01,21,17
Liquor License,2024-03-01,18,17
Liquor License,2024-04-01,19,19
Liquor License,2024-05-01,14,17
Liquor License,2024-06-01,13,15
Liquor License,2024-07-01,17,15
Liquor License,2024-08-01,14,15
Liquor License,2024-09-01,23,18
Liquor License,2024-10-01,6,14
Misc Non-Index Offense,2019-01-01,2290,NA
Misc Non-Index Offense,2019-02-01,2151,NA
Misc Non-Index Offense,2019-03-01,2256,2232
Misc Non-Index Offense,2019-04-01,2329,2245
Misc Non-Index Offense,2019-05-01,2479,2355
Misc Non-Index Offense,2019-06-01,2319,2376
Misc Non-Index Offense,2019-07-01,2366,2388
Misc Non-Index Offense,2019-08-01,2233,2306
Misc Non-Index Offense,2019-09-01,2241,2280
Misc Non-Index Offense,2019-10-01,2239,2238
Misc Non-Index Offense,2019-11-01,1989,2156
Misc Non-Index Offense,2019-12-01,1966,2065
Misc Non-Index Offense,2020-01-01,2266,2074
Misc Non-Index Offense,2020-02-01,2022,2085
Misc Non-Index Offense,2020-03-01,1707,1998
Misc Non-Index Offense,2020-04-01,1095,1608
Misc Non-Index Offense,2020-05-01,1659,1487
Misc Non-Index Offense,2020-06-01,1493,1416
Misc Non-Index Offense,2020-07-01,1647,1600
Misc Non-Index Offense,2020-08-01,1647,1596
Misc Non-Index Offense,2020-09-01,1687,1660
Misc Non-Index Offense,2020-10-01,1583,1639
Misc Non-Index Offense,2020-11-01,1370,1547
Misc Non-Index Offense,2020-12-01,1386,1446
Misc Non-Index Offense,2021-01-01,1449,1402
Misc Non-Index Offense,2021-02-01,1311,1382
Misc Non-Index Offense,2021-03-01,1629,1463
Misc Non-Index Offense,2021-04-01,1641,1527
Misc Non-Index Offense,2021-05-01,1805,1692
Misc Non-Index Offense,2021-06-01,1876,1774
Misc Non-Index Offense,2021-07-01,1727,1803
Misc Non-Index Offense,2021-08-01,1598,1734
Misc Non-Index Offense,2021-09-01,1700,1675
Misc Non-Index Offense,2021-10-01,1700,1666
Misc Non-Index Offense,2021-11-01,1543,1648
Misc Non-Index Offense,2021-12-01,1475,1573
Misc Non-Index Offense,2022-01-01,1472,1497
Misc Non-Index Offense,2022-02-01,1571,1506
Misc Non-Index Offense,2022-03-01,1923,1655
Misc Non-Index Offense,2022-04-01,1891,1795
Misc Non-Index Offense,2022-05-01,1954,1923
Misc Non-Index Offense,2022-06-01,1822,1889
Misc Non-Index Offense,2022-07-01,1877,1884
Misc Non-Index Offense,2022-08-01,1810,1836
Misc Non-Index Offense,2022-09-01,1715,1801
Misc Non-Index Offense,2022-10-01,1739,1755
Misc Non-Index Offense,2022-11-01,1575,1676
Misc Non-Index Offense,2022-12-01,1584,1633
Misc Non-Index Offense,2023-01-01,1854,1671
Misc Non-Index Offense,2023-02-01,1761,1733
Misc Non-Index Offense,2023-03-01,2017,1877
Misc Non-Index Offense,2023-04-01,1765,1848
Misc Non-Index Offense,2023-05-01,1863,1882
Misc Non-Index Offense,2023-06-01,1893,1840
Misc Non-Index Offense,2023-07-01,1933,1896
Misc Non-Index Offense,2023-08-01,1898,1908
Misc Non-Index Offense,2023-09-01,1861,1897
Misc Non-Index Offense,2023-10-01,1907,1889
Misc Non-Index Offense,2023-11-01,1915,1894
Misc Non-Index Offense,2023-12-01,1829,1884
Misc Non-Index Offense,2024-01-01,2024,1923
Misc Non-Index Offense,2024-02-01,2009,1954
Misc Non-Index Offense,2024-03-01,2006,2013
Misc Non-Index Offense,2024-04-01,1920,1978
Misc Non-Index Offense,2024-05-01,2091,2006
Misc Non-Index Offense,2024-06-01,1973,1995
Misc Non-Index Offense,2024-07-01,2074,2046
Misc Non-Index Offense,2024-08-01,1928,1992
Misc Non-Index Offense,2024-09-01,2120,2041
Misc Non-Index Offense,2024-10-01,950,1666
Motor Vehicle Theft,2019-01-01,707,NA
Motor Vehicle Theft,2019-02-01,654,NA
Motor Vehicle Theft,2019-03-01,717,693
Motor Vehicle Theft,2019-04-01,770,714
Motor Vehicle Theft,2019-05-01,764,750
Motor Vehicle Theft,2019-06-01,773,769
Motor Vehicle Theft,2019-07-01,885,807
Motor Vehicle Theft,2019-08-01,843,834
Motor Vehicle Theft,2019-09-01,679,802
Motor Vehicle Theft,2019-10-01,726,749
Motor Vehicle Theft,2019-11-01,692,699
Motor Vehicle Theft,2019-12-01,767,728
Motor Vehicle Theft,2020-01-01,669,709
Motor Vehicle Theft,2020-02-01,653,696
Motor Vehicle Theft,2020-03-01,628,650
Motor Vehicle Theft,2020-04-01,659,647
Motor Vehicle Theft,2020-05-01,829,705
Motor Vehicle Theft,2020-06-01,794,761
Motor Vehicle Theft,2020-07-01,959,861
Motor Vehicle Theft,2020-08-01,996,916
Motor Vehicle Theft,2020-09-01,921,959
Motor Vehicle Theft,2020-10-01,1000,972
Motor Vehicle Theft,2020-11-01,939,953
Motor Vehicle Theft,2020-12-01,912,950
Motor Vehicle Theft,2021-01-01,802,884
Motor Vehicle Theft,2021-02-01,630,781
Motor Vehicle Theft,2021-03-01,788,740
Motor Vehicle Theft,2021-04-01,713,710
Motor Vehicle Theft,2021-05-01,747,749
Motor Vehicle Theft,2021-06-01,834,765
Motor Vehicle Theft,2021-07-01,838,806
Motor Vehicle Theft,2021-08-01,910,861
Motor Vehicle Theft,2021-09-01,1016,921
Motor Vehicle Theft,2021-10-01,1163,1030
Motor Vehicle Theft,2021-11-01,1065,1081
Motor Vehicle Theft,2021-12-01,1096,1108
Motor Vehicle Theft,2022-01-01,1107,1089
Motor Vehicle Theft,2022-02-01,963,1055
Motor Vehicle Theft,2022-03-01,1076,1049
Motor Vehicle Theft,2022-04-01,1001,1013
Motor Vehicle Theft,2022-05-01,1033,1037
Motor Vehicle Theft,2022-06-01,1138,1057
Motor Vehicle Theft,2022-07-01,1766,1312
Motor Vehicle Theft,2022-08-01,2115,1673
Motor Vehicle Theft,2022-09-01,2410,2097
Motor Vehicle Theft,2022-10-01,3184,2570
Motor Vehicle Theft,2022-11-01,2953,2849
Motor Vehicle Theft,2022-12-01,2717,2951
Motor Vehicle Theft,2023-01-01,2820,2830
Motor Vehicle Theft,2023-02-01,2171,2569
Motor Vehicle Theft,2023-03-01,2324,2438
Motor Vehicle Theft,2023-04-01,2291,2262
Motor Vehicle Theft,2023-05-01,2434,2350
Motor Vehicle Theft,2023-06-01,2564,2430
Motor Vehicle Theft,2023-07-01,2631,2543
Motor Vehicle Theft,2023-08-01,2618,2604
Motor Vehicle Theft,2023-09-01,2340,2530
Motor Vehicle Theft,2023-10-01,2569,2509
Motor Vehicle Theft,2023-11-01,2273,2394
Motor Vehicle Theft,2023-12-01,2214,2352
Motor Vehicle Theft,2024-01-01,1762,2083
Motor Vehicle Theft,2024-02-01,1878,1951
Motor Vehicle Theft,2024-03-01,1879,1840
Motor Vehicle Theft,2024-04-01,1653,1803
Motor Vehicle Theft,2024-05-01,1806,1779
Motor Vehicle Theft,2024-06-01,2041,1833
Motor Vehicle Theft,2024-07-01,1976,1941
Motor Vehicle Theft,2024-08-01,1996,2004
Motor Vehicle Theft,2024-09-01,1852,1941
Motor Vehicle Theft,2024-10-01,849,1566
Murder,2019-01-01,23,NA
Murder,2019-02-01,25,NA
Murder,2019-03-01,34,27
Murder,2019-04-01,60,40
Murder,2019-05-01,54,49
Murder,2019-06-01,51,55
Murder,2019-07-01,44,50
Murder,2019-08-01,49,48
Murder,2019-09-01,51,48
Murder,2019-10-01,41,47
Murder,2019-11-01,34,42
Murder,2019-12-01,32,36
Murder,2020-01-01,36,34
Murder,2020-02-01,36,35
Murder,2020-03-01,30,34
Murder,2020-04-01,62,43
Murder,2020-05-01,85,59
Murder,2020-06-01,94,80
Murder,2020-07-01,109,96
Murder,2020-08-01,68,90
Murder,2020-09-01,83,87
Murder,2020-10-01,66,72
Murder,2020-11-01,62,70
Murder,2020-12-01,56,61
Murder,2021-01-01,54,57
Murder,2021-02-01,38,49
Murder,2021-03-01,45,46
Murder,2021-04-01,54,46
Murder,2021-05-01,66,55
Murder,2021-06-01,84,68
Murder,2021-07-01,112,87
Murder,2021-08-01,82,93
Murder,2021-09-01,91,95
Murder,2021-10-01,62,78
Murder,2021-11-01,62,72
Murder,2021-12-01,54,59
Murder,2022-01-01,54,57
Murder,2022-02-01,45,51
Murder,2022-03-01,39,46
Murder,2022-04-01,53,46
Murder,2022-05-01,66,53
Murder,2022-06-01,73,64
Murder,2022-07-01,69,69
Murder,2022-08-01,68,70
Murder,2022-09-01,75,71
Murder,2022-10-01,65,69
Murder,2022-11-01,58,66
Murder,2022-12-01,60,61
Murder,2023-01-01,44,54
Murder,2023-02-01,38,47
Murder,2023-03-01,36,39
Murder,2023-04-01,56,43
Murder,2023-05-01,65,52
Murder,2023-06-01,72,64
Murder,2023-07-01,61,66
Murder,2023-08-01,59,64
Murder,2023-09-01,48,56
Murder,2023-10-01,53,53
Murder,2023-11-01,55,52
Murder,2023-12-01,39,49
Murder,2024-01-01,33,42
Murder,2024-02-01,33,35
Murder,2024-03-01,46,37
Murder,2024-04-01,41,40
Murder,2024-05-01,56,48
Murder,2024-06-01,67,55
Murder,2024-07-01,70,64
Murder,2024-08-01,52,63
Murder,2024-09-01,49,57
Murder,2024-10-01,29,43
Obscenity,2022-06-01,1,NA
Obscenity,2024-07-01,1,NA
Obscenity,2024-08-01,1,1
Obscenity,2024-09-01,2,1
Obscenity,2024-10-01,3,2
Offenses Against Family,2019-01-01,119,NA
Offenses Against Family,2019-02-01,109,NA
Offenses Against Family,2019-03-01,118,115
Offenses Against Family,2019-04-01,131,119
Offenses Against Family,2019-05-01,150,133
Offenses Against Family,2019-06-01,107,129
Offenses Against Family,2019-07-01,89,115
Offenses Against Family,2019-08-01,81,92
Offenses Against Family,2019-09-01,107,92
Offenses Against Family,2019-10-01,93,94
Offenses Against Family,2019-11-01,104,101
Offenses Against Family,2019-12-01,96,98
Offenses Against Family,2020-01-01,121,107
Offenses Against Family,2020-02-01,106,108
Offenses Against Family,2020-03-01,80,102
Offenses Against Family,2020-04-01,62,83
Offenses Against Family,2020-05-01,69,70
Offenses Against Family,2020-06-01,83,71
Offenses Against Family,2020-07-01,73,75
Offenses Against Family,2020-08-01,65,74
Offenses Against Family,2020-09-01,64,67
Offenses Against Family,2020-10-01,65,65
Offenses Against Family,2020-11-01,54,61
Offenses Against Family,2020-12-01,61,60
Offenses Against Family,2021-01-01,82,66
Offenses Against Family,2021-02-01,49,64
Offenses Against Family,2021-03-01,74,68
Offenses Against Family,2021-04-01,81,68
Offenses Against Family,2021-05-01,105,87
Offenses Against Family,2021-06-01,82,89
Offenses Against Family,2021-07-01,77,88
Offenses Against Family,2021-08-01,55,71
Offenses Against Family,2021-09-01,82,71
Offenses Against Family,2021-10-01,79,72
Offenses Against Family,2021-11-01,89,83
Offenses Against Family,2021-12-01,72,80
Offenses Against Family,2022-01-01,82,81
Offenses Against Family,2022-02-01,85,80
Offenses Against Family,2022-03-01,88,85
Offenses Against Family,2022-04-01,75,83
Offenses Against Family,2022-05-01,97,87
Offenses Against Family,2022-06-01,64,79
Offenses Against Family,2022-07-01,71,77
Offenses Against Family,2022-08-01,96,77
Offenses Against Family,2022-09-01,77,81
Offenses Against Family,2022-10-01,78,84
Offenses Against Family,2022-11-01,58,71
Offenses Against Family,2022-12-01,58,65
Offenses Against Family,2023-01-01,103,73
Offenses Against Family,2023-02-01,92,84
Offenses Against Family,2023-03-01,71,89
Offenses Against Family,2023-04-01,77,80
Offenses Against Family,2023-05-01,73,74
Offenses Against Family,2023-06-01,58,69
Offenses Against Family,2023-07-01,59,63
Offenses Against Family,2023-08-01,74,64
Offenses Against Family,2023-09-01,70,68
Offenses Against Family,2023-10-01,65,70
Offenses Against Family,2023-11-01,75,70
Offenses Against Family,2023-12-01,61,67
Offenses Against Family,2024-01-01,70,69
Offenses Against Family,2024-02-01,88,73
Offenses Against Family,2024-03-01,61,73
Offenses Against Family,2024-04-01,80,76
Offenses Against Family,2024-05-01,87,76
Offenses Against Family,2024-06-01,52,73
Offenses Against Family,2024-07-01,55,65
Offenses Against Family,2024-08-01,47,51
Offenses Against Family,2024-09-01,52,51
Offenses Against Family,2024-10-01,28,42
Prostitution,2019-01-01,74,NA
Prostitution,2019-02-01,45,NA
Prostitution,2019-03-01,55,58
Prostitution,2019-04-01,51,50
Prostitution,2019-05-01,72,59
Prostitution,2019-06-01,54,59
Prostitution,2019-07-01,106,77
Prostitution,2019-08-01,85,82
Prostitution,2019-09-01,39,77
Prostitution,2019-10-01,50,58
Prostitution,2019-11-01,72,54
Prostitution,2019-12-01,59,60
Prostitution,2020-01-01,48,60
Prostitution,2020-02-01,30,46
Prostitution,2020-03-01,21,33
Prostitution,2020-04-01,10,20
Prostitution,2020-05-01,16,16
Prostitution,2020-06-01,33,20
Prostitution,2020-07-01,84,44
Prostitution,2020-08-01,16,44
Prostitution,2020-09-01,53,51
Prostitution,2020-10-01,11,27
Prostitution,2020-11-01,12,25
Prostitution,2020-12-01,6,10
Prostitution,2021-01-01,10,9
Prostitution,2021-02-01,14,10
Prostitution,2021-03-01,14,13
Prostitution,2021-04-01,8,12
Prostitution,2021-05-01,13,12
Prostitution,2021-06-01,12,11
Prostitution,2021-07-01,23,16
Prostitution,2021-08-01,10,15
Prostitution,2021-09-01,26,20
Prostitution,2021-10-01,7,14
Prostitution,2021-11-01,7,13
Prostitution,2021-12-01,29,14
Prostitution,2022-01-01,27,21
Prostitution,2022-02-01,48,35
Prostitution,2022-03-01,9,28
Prostitution,2022-04-01,41,33
Prostitution,2022-05-01,43,31
Prostitution,2022-06-01,18,34
Prostitution,2022-07-01,10,24
Prostitution,2022-08-01,32,20
Prostitution,2022-09-01,64,35
Prostitution,2022-10-01,35,44
Prostitution,2022-11-01,21,40
Prostitution,2022-12-01,7,21
Prostitution,2023-01-01,68,32
Prostitution,2023-02-01,24,33
Prostitution,2023-03-01,13,35
Prostitution,2023-04-01,8,15
Prostitution,2023-05-01,6,9
Prostitution,2023-06-01,32,15
Prostitution,2023-07-01,28,22
Prostitution,2023-08-01,17,26
Prostitution,2023-09-01,37,27
Prostitution,2023-10-01,9,21
Prostitution,2023-11-01,15,20
Prostitution,2023-12-01,8,11
Prostitution,2024-01-01,12,12
Prostitution,2024-02-01,36,19
Prostitution,2024-03-01,28,25
Prostitution,2024-04-01,14,26
Prostitution,2024-05-01,28,23
Prostitution,2024-06-01,32,25
Prostitution,2024-07-01,39,33
Prostitution,2024-08-01,31,34
Prostitution,2024-09-01,35,35
Prostitution,2024-10-01,20,29
Robbery,2019-01-01,658,NA
Robbery,2019-02-01,497,NA
Robbery,2019-03-01,509,555
Robbery,2019-04-01,599,535
Robbery,2019-05-01,632,580
Robbery,2019-06-01,767,666
Robbery,2019-07-01,776,725
Robbery,2019-08-01,769,771
Robbery,2019-09-01,692,746
Robbery,2019-10-01,686,716
Robbery,2019-11-01,666,681
Robbery,2019-12-01,744,699
Robbery,2020-01-01,726,712
Robbery,2020-02-01,637,702
Robbery,2020-03-01,495,619
Robbery,2020-04-01,455,529
Robbery,2020-05-01,599,516
Robbery,2020-06-01,574,543
Robbery,2020-07-01,734,636
Robbery,2020-08-01,816,708
Robbery,2020-09-01,743,764
Robbery,2020-10-01,756,772
Robbery,2020-11-01,755,751
Robbery,2020-12-01,565,692
Robbery,2021-01-01,728,683
Robbery,2021-02-01,478,590
Robbery,2021-03-01,482,563
Robbery,2021-04-01,466,475
Robbery,2021-05-01,505,484
Robbery,2021-06-01,600,524
Robbery,2021-07-01,712,606
Robbery,2021-08-01,655,656
Robbery,2021-09-01,773,713
Robbery,2021-10-01,837,755
Robbery,2021-11-01,781,797
Robbery,2021-12-01,901,840
Robbery,2022-01-01,686,789
Robbery,2022-02-01,616,734
Robbery,2022-03-01,590,631
Robbery,2022-04-01,601,602
Robbery,2022-05-01,668,620
Robbery,2022-06-01,732,667
Robbery,2022-07-01,764,721
Robbery,2022-08-01,750,749
Robbery,2022-09-01,869,794
Robbery,2022-10-01,943,854
Robbery,2022-11-01,847,886
Robbery,2022-12-01,897,896
Robbery,2023-01-01,890,878
Robbery,2023-02-01,582,790
Robbery,2023-03-01,686,719
Robbery,2023-04-01,753,674
Robbery,2023-05-01,773,737
Robbery,2023-06-01,783,770
Robbery,2023-07-01,1010,855
Robbery,2023-08-01,1212,1002
Robbery,2023-09-01,1145,1122
Robbery,2023-10-01,1208,1188
Robbery,2023-11-01,1016,1123
Robbery,2023-12-01,995,1073
Robbery,2024-01-01,734,915
Robbery,2024-02-01,668,799
Robbery,2024-03-01,745,716
Robbery,2024-04-01,719,711
Robbery,2024-05-01,783,749
Robbery,2024-06-01,817,773
Robbery,2024-07-01,890,830
Robbery,2024-08-01,771,826
Robbery,2024-09-01,770,810
Robbery,2024-10-01,428,656
Simple Assault,2019-01-01,1032,NA
Simple Assault,2019-02-01,1062,NA
Simple Assault,2019-03-01,1231,1108
Simple Assault,2019-04-01,1251,1181
Simple Assault,2019-05-01,1491,1324
Simple Assault,2019-06-01,1469,1404
Simple Assault,2019-07-01,1376,1445
Simple Assault,2019-08-01,1318,1388
Simple Assault,2019-09-01,1336,1343
Simple Assault,2019-10-01,1241,1298
Simple Assault,2019-11-01,1057,1211
Simple Assault,2019-12-01,1111,1136
Simple Assault,2020-01-01,1094,1087
Simple Assault,2020-02-01,1014,1073
Simple Assault,2020-03-01,1035,1048
Simple Assault,2020-04-01,713,921
Simple Assault,2020-05-01,950,899
Simple Assault,2020-06-01,1093,919
Simple Assault,2020-07-01,1250,1098
Simple Assault,2020-08-01,1237,1193
Simple Assault,2020-09-01,1148,1212
Simple Assault,2020-10-01,941,1109
Simple Assault,2020-11-01,872,987
Simple Assault,2020-12-01,827,880
Simple Assault,2021-01-01,889,863
Simple Assault,2021-02-01,858,858
Simple Assault,2021-03-01,951,899
Simple Assault,2021-04-01,1041,950
Simple Assault,2021-05-01,1190,1061
Simple Assault,2021-06-01,1249,1160
Simple Assault,2021-07-01,1272,1237
Simple Assault,2021-08-01,1193,1238
Simple Assault,2021-09-01,1348,1271
Simple Assault,2021-10-01,1250,1264
Simple Assault,2021-11-01,1085,1228
Simple Assault,2021-12-01,1047,1127
Simple Assault,2022-01-01,888,1007
Simple Assault,2022-02-01,985,973
Simple Assault,2022-03-01,1116,996
Simple Assault,2022-04-01,1040,1047
Simple Assault,2022-05-01,1312,1156
Simple Assault,2022-06-01,1332,1228
Simple Assault,2022-07-01,1305,1316
Simple Assault,2022-08-01,1290,1309
Simple Assault,2022-09-01,1268,1288
Simple Assault,2022-10-01,1204,1254
Simple Assault,2022-11-01,1126,1199
Simple Assault,2022-12-01,1026,1119
Simple Assault,2023-01-01,1174,1109
Simple Assault,2023-02-01,1062,1087
Simple Assault,2023-03-01,1214,1150
Simple Assault,2023-04-01,1218,1165
Simple Assault,2023-05-01,1338,1257
Simple Assault,2023-06-01,1358,1305
Simple Assault,2023-07-01,1395,1364
Simple Assault,2023-08-01,1442,1398
Simple Assault,2023-09-01,1387,1408
Simple Assault,2023-10-01,1356,1395
Simple Assault,2023-11-01,1211,1318
Simple Assault,2023-12-01,1170,1246
Simple Assault,2024-01-01,1192,1191
Simple Assault,2024-02-01,1176,1179
Simple Assault,2024-03-01,1286,1218
Simple Assault,2024-04-01,1354,1272
Simple Assault,2024-05-01,1601,1414
Simple Assault,2024-06-01,1345,1433
Simple Assault,2024-07-01,1392,1446
Simple Assault,2024-08-01,1334,1357
Simple Assault,2024-09-01,1427,1384
Simple Assault,2024-10-01,737,1166
Simple Battery,2019-01-01,3057,NA
Simple Battery,2019-02-01,2868,NA
Simple Battery,2019-03-01,3484,3136
Simple Battery,2019-04-01,3366,3239
Simple Battery,2019-05-01,4013,3621
Simple Battery,2019-06-01,3956,3778
Simple Battery,2019-07-01,3983,3984
Simple Battery,2019-08-01,3785,3908
Simple Battery,2019-09-01,3632,3800
Simple Battery,2019-10-01,3224,3547
Simple Battery,2019-11-01,3078,3311
Simple Battery,2019-12-01,3219,3174
Simple Battery,2020-01-01,3064,3120
Simple Battery,2020-02-01,2894,3059
Simple Battery,2020-03-01,3021,2993
Simple Battery,2020-04-01,2190,2702
Simple Battery,2020-05-01,2760,2657
Simple Battery,2020-06-01,2987,2646
Simple Battery,2020-07-01,3252,3000
Simple Battery,2020-08-01,3147,3129
Simple Battery,2020-09-01,2701,3033
Simple Battery,2020-10-01,2572,2807
Simple Battery,2020-11-01,2403,2559
Simple Battery,2020-12-01,2213,2396
Simple Battery,2021-01-01,2265,2294
Simple Battery,2021-02-01,2027,2168
Simple Battery,2021-03-01,2488,2260
Simple Battery,2021-04-01,2475,2330
Simple Battery,2021-05-01,2890,2618
Simple Battery,2021-06-01,3009,2791
Simple Battery,2021-07-01,2992,2964
Simple Battery,2021-08-01,2953,2985
Simple Battery,2021-09-01,2990,2978
Simple Battery,2021-10-01,2975,2973
Simple Battery,2021-11-01,2484,2816
Simple Battery,2021-12-01,2577,2679
Simple Battery,2022-01-01,2348,2470
Simple Battery,2022-02-01,2317,2414
Simple Battery,2022-03-01,2789,2485
Simple Battery,2022-04-01,2789,2632
Simple Battery,2022-05-01,3231,2936
Simple Battery,2022-06-01,3179,3066
Simple Battery,2022-07-01,2967,3126
Simple Battery,2022-08-01,2999,3048
Simple Battery,2022-09-01,2981,2982
Simple Battery,2022-10-01,2866,2949
Simple Battery,2022-11-01,2484,2777
Simple Battery,2022-12-01,2507,2619
Simple Battery,2023-01-01,2585,2525
Simple Battery,2023-02-01,2571,2554
Simple Battery,2023-03-01,2839,2665
Simple Battery,2023-04-01,2965,2792
Simple Battery,2023-05-01,3251,3018
Simple Battery,2023-06-01,3096,3104
Simple Battery,2023-07-01,3407,3251
Simple Battery,2023-08-01,3302,3268
Simple Battery,2023-09-01,3213,3307
Simple Battery,2023-10-01,3144,3220
Simple Battery,2023-11-01,2871,3076
Simple Battery,2023-12-01,2897,2971
Simple Battery,2024-01-01,2772,2847
Simple Battery,2024-02-01,2908,2859
Simple Battery,2024-03-01,3084,2921
Simple Battery,2024-04-01,3148,3047
Simple Battery,2024-05-01,3661,3298
Simple Battery,2024-06-01,3436,3415
Simple Battery,2024-07-01,3302,3466
Simple Battery,2024-08-01,3133,3290
Simple Battery,2024-09-01,3378,3271
Simple Battery,2024-10-01,1525,2679
Stolen Property,2019-01-01,8,NA
Stolen Property,2019-02-01,2,NA
Stolen Property,2019-03-01,5,5
Stolen Property,2019-04-01,2,3
Stolen Property,2019-05-01,1,3
Stolen Property,2019-06-01,2,2
Stolen Property,2019-07-01,4,2
Stolen Property,2019-08-01,5,4
Stolen Property,2019-09-01,4,4
Stolen Property,2019-10-01,4,4
Stolen Property,2019-11-01,3,4
Stolen Property,2019-12-01,3,3
Stolen Property,2020-01-01,2,3
Stolen Property,2020-02-01,3,3
Stolen Property,2020-03-01,1,2
Stolen Property,2020-04-01,1,2
Stolen Property,2020-05-01,2,1
Stolen Property,2020-06-01,2,2
Stolen Property,2020-07-01,1,2
Stolen Property,2020-08-01,21,8
Stolen Property,2020-09-01,21,14
Stolen Property,2020-10-01,2,15
Stolen Property,2020-11-01,3,9
Stolen Property,2021-01-01,1,2
Stolen Property,2021-02-01,2,2
Stolen Property,2021-03-01,2,2
Stolen Property,2021-04-01,1,2
Stolen Property,2021-05-01,2,2
Stolen Property,2021-07-01,3,2
Stolen Property,2021-08-01,3,3
Stolen Property,2021-09-01,3,3
Stolen Property,2021-10-01,2,3
Stolen Property,2021-11-01,3,3
Stolen Property,2021-12-01,3,3
Stolen Property,2022-01-01,3,3
Stolen Property,2022-02-01,4,3
Stolen Property,2022-03-01,9,5
Stolen Property,2022-04-01,8,7
Stolen Property,2022-05-01,5,7
Stolen Property,2022-06-01,5,6
Stolen Property,2022-07-01,7,6
Stolen Property,2022-08-01,11,8
Stolen Property,2022-09-01,6,8
Stolen Property,2022-10-01,8,8
Stolen Property,2022-11-01,4,6
Stolen Property,2022-12-01,6,6
Stolen Property,2023-01-01,6,5
Stolen Property,2023-02-01,5,6
Stolen Property,2023-03-01,12,8
Stolen Property,2023-04-01,6,8
Stolen Property,2023-05-01,2,7
Stolen Property,2023-06-01,3,4
Stolen Property,2023-07-01,5,3
Stolen Property,2023-08-01,11,6
Stolen Property,2023-09-01,2,6
Stolen Property,2023-10-01,1,5
Stolen Property,2023-11-01,3,2
Stolen Property,2023-12-01,6,3
Stolen Property,2024-01-01,6,5
Stolen Property,2024-02-01,8,7
Stolen Property,2024-03-01,2,5
Stolen Property,2024-04-01,1,4
Stolen Property,2024-05-01,7,3
Stolen Property,2024-06-01,8,5
Stolen Property,2024-07-01,7,7
Stolen Property,2024-08-01,6,7
Stolen Property,2024-09-01,5,6
Stolen Property,2024-10-01,3,5
Theft,2019-01-01,3449,NA
Theft,2019-02-01,3310,NA
Theft,2019-03-01,3489,3416
Theft,2019-04-01,3636,3478
Theft,2019-05-01,4226,3784
Theft,2019-06-01,4360,4074
Theft,2019-07-01,4629,4405
Theft,2019-08-01,4575,4521
Theft,2019-09-01,4099,4434
Theft,2019-10-01,4070,4248
Theft,2019-11-01,3742,3970
Theft,2019-12-01,4219,4010
Theft,2020-01-01,3637,3866
Theft,2020-02-01,3219,3692
Theft,2020-03-01,2658,3171
Theft,2020-04-01,1948,2608
Theft,2020-05-01,2206,2271
Theft,2020-06-01,2232,2129
Theft,2020-07-01,2644,2361
Theft,2020-08-01,2792,2556
Theft,2020-09-01,2581,2672
Theft,2020-10-01,2470,2614
Theft,2020-11-01,2110,2387
Theft,2020-12-01,2072,2217
Theft,2021-01-01,1945,2042
Theft,2021-02-01,1526,1848
Theft,2021-03-01,1957,1809
Theft,2021-04-01,1952,1812
Theft,2021-05-01,2228,2046
Theft,2021-06-01,2346,2175
Theft,2021-07-01,2685,2420
Theft,2021-08-01,2608,2546
Theft,2021-09-01,2599,2631
Theft,2021-10-01,2761,2656
Theft,2021-11-01,2614,2658
Theft,2021-12-01,2543,2639
Theft,2022-01-01,2307,2488
Theft,2022-02-01,2255,2368
Theft,2022-03-01,2686,2416
Theft,2022-04-01,2624,2522
Theft,2022-05-01,2805,2705
Theft,2022-06-01,3160,2863
Theft,2022-07-01,3597,3187
Theft,2022-08-01,3281,3346
Theft,2022-09-01,3184,3354
Theft,2022-10-01,3158,3208
Theft,2022-11-01,2902,3081
Theft,2022-12-01,2816,2959
Theft,2023-01-01,2854,2857
Theft,2023-02-01,2423,2698
Theft,2023-03-01,2846,2708
Theft,2023-04-01,2819,2696
Theft,2023-05-01,2926,2864
Theft,2023-06-01,3120,2955
Theft,2023-07-01,3133,3060
Theft,2023-08-01,3449,3234
Theft,2023-09-01,3153,3245
Theft,2023-10-01,3329,3310
Theft,2023-11-01,3183,3222
Theft,2023-12-01,3469,3327
Theft,2024-01-01,3075,3242
Theft,2024-02-01,3019,3188
Theft,2024-03-01,3129,3074
Theft,2024-04-01,3078,3075
Theft,2024-05-01,3569,3259
Theft,2024-06-01,3571,3406
Theft,2024-07-01,4009,3716
Theft,2024-08-01,3917,3832
Theft,2024-09-01,3751,3892
Theft,2024-10-01,1992,3220
Theft Over $500,2019-01-01,1110,NA
Theft Over $500,2019-02-01,1082,NA
Theft Over $500,2019-03-01,990,1061
Theft Over $500,2019-04-01,1017,1030
Theft Over $500,2019-05-01,1172,1060
Theft Over $500,2019-06-01,1295,1161
Theft Over $500,2019-07-01,1371,1279
Theft Over $500,2019-08-01,1598,1421
Theft Over $500,2019-09-01,1345,1438
Theft Over $500,2019-10-01,1321,1421
Theft Over $500,2019-11-01,1146,1271
Theft Over $500,2019-12-01,1240,1236
Theft Over $500,2020-01-01,968,1118
Theft Over $500,2020-02-01,957,1055
Theft Over $500,2020-03-01,876,934
Theft Over $500,2020-04-01,559,797
Theft Over $500,2020-05-01,717,717
Theft Over $500,2020-06-01,853,710
Theft Over $500,2020-07-01,1030,867
Theft Over $500,2020-08-01,1093,992
Theft Over $500,2020-09-01,1041,1055
Theft Over $500,2020-10-01,955,1030
Theft Over $500,2020-11-01,854,950
Theft Over $500,2020-12-01,849,886
Theft Over $500,2021-01-01,723,809
Theft Over $500,2021-02-01,597,723
Theft Over $500,2021-03-01,780,700
Theft Over $500,2021-04-01,848,742
Theft Over $500,2021-05-01,1042,890
Theft Over $500,2021-06-01,1155,1015
Theft Over $500,2021-07-01,1279,1159
Theft Over $500,2021-08-01,1281,1238
Theft Over $500,2021-09-01,1353,1304
Theft Over $500,2021-10-01,1466,1367
Theft Over $500,2021-11-01,1226,1348
Theft Over $500,2021-12-01,1284,1325
Theft Over $500,2022-01-01,1085,1198
Theft Over $500,2022-02-01,1077,1149
Theft Over $500,2022-03-01,1483,1215
Theft Over $500,2022-04-01,1309,1290
Theft Over $500,2022-05-01,1696,1496
Theft Over $500,2022-06-01,1889,1631
Theft Over $500,2022-07-01,2139,1908
Theft Over $500,2022-08-01,1973,2000
Theft Over $500,2022-09-01,1941,2018
Theft Over $500,2022-10-01,2090,2001
Theft Over $500,2022-11-01,1823,1951
Theft Over $500,2022-12-01,1607,1840
Theft Over $500,2023-01-01,1456,1629
Theft Over $500,2023-02-01,1405,1489
Theft Over $500,2023-03-01,1626,1496
Theft Over $500,2023-04-01,1555,1529
Theft Over $500,2023-05-01,1816,1666
Theft Over $500,2023-06-01,1968,1780
Theft Over $500,2023-07-01,2057,1947
Theft Over $500,2023-08-01,1967,1997
Theft Over $500,2023-09-01,1799,1941
Theft Over $500,2023-10-01,1884,1883
Theft Over $500,2023-11-01,1623,1769
Theft Over $500,2023-12-01,1590,1699
Theft Over $500,2024-01-01,1294,1502
Theft Over $500,2024-02-01,1323,1402
Theft Over $500,2024-03-01,1357,1325
Theft Over $500,2024-04-01,1451,1377
Theft Over $500,2024-05-01,1610,1473
Theft Over $500,2024-06-01,1886,1649
Theft Over $500,2024-07-01,2004,1833
Theft Over $500,2024-08-01,1721,1870
Theft Over $500,2024-09-01,1492,1739
Theft Over $500,2024-10-01,731,1315
Vandalism,2019-01-01,1727,NA
Vandalism,2019-02-01,1628,NA
Vandalism,2019-03-01,1939,1765
Vandalism,2019-04-01,2198,1922
Vandalism,2019-05-01,2419,2185
Vandalism,2019-06-01,2449,2355
Vandalism,2019-07-01,2519,2462
Vandalism,2019-08-01,2480,2483
Vandalism,2019-09-01,2295,2431
Vandalism,2019-10-01,2232,2336
Vandalism,2019-11-01,1917,2148
Vandalism,2019-12-01,1914,2021
Vandalism,2020-01-01,1716,1849
Vandalism,2020-02-01,1682,1771
Vandalism,2020-03-01,1828,1742
Vandalism,2020-04-01,1726,1745
Vandalism,2020-05-01,2422,1992
Vandalism,2020-06-01,2395,2181
Vandalism,2020-07-01,2450,2422
Vandalism,2020-08-01,2303,2383
Vandalism,2020-09-01,2106,2286
Vandalism,2020-10-01,2081,2163
Vandalism,2020-11-01,1828,2005
Vandalism,2020-12-01,1636,1848
Vandalism,2021-01-01,1689,1718
Vandalism,2021-02-01,1430,1585
Vandalism,2021-03-01,1865,1661
Vandalism,2021-04-01,1895,1730
Vandalism,2021-05-01,2244,2001
Vandalism,2021-06-01,2268,2136
Vandalism,2021-07-01,2442,2318
Vandalism,2021-08-01,2279,2330
Vandalism,2021-09-01,2261,2327
Vandalism,2021-10-01,2197,2246
Vandalism,2021-11-01,2047,2168
Vandalism,2021-12-01,1977,2074
Vandalism,2022-01-01,1652,1892
Vandalism,2022-02-01,1532,1720
Vandalism,2022-03-01,1969,1718
Vandalism,2022-04-01,1997,1833
Vandalism,2022-05-01,2154,2040
Vandalism,2022-06-01,2288,2146
Vandalism,2022-07-01,2532,2325
Vandalism,2022-08-01,2677,2499
Vandalism,2022-09-01,2590,2600
Vandalism,2022-10-01,2795,2687
Vandalism,2022-11-01,2410,2598
Vandalism,2022-12-01,2226,2477
Vandalism,2023-01-01,2362,2333
Vandalism,2023-02-01,1908,2165
Vandalism,2023-03-01,2298,2189
Vandalism,2023-04-01,2408,2205
Vandalism,2023-05-01,2559,2422
Vandalism,2023-06-01,2607,2525
Vandalism,2023-07-01,2943,2703
Vandalism,2023-08-01,2737,2762
Vandalism,2023-09-01,2501,2727
Vandalism,2023-10-01,2591,2610
Vandalism,2023-11-01,2398,2497
Vandalism,2023-12-01,2410,2466
Vandalism,2024-01-01,2083,2297
Vandalism,2024-02-01,2121,2205
Vandalism,2024-03-01,2424,2209
Vandalism,2024-04-01,2213,2253
Vandalism,2024-05-01,2355,2331
Vandalism,2024-06-01,2537,2368
Vandalism,2024-07-01,2558,2483
Vandalism,2024-08-01,2527,2541
Vandalism,2024-09-01,2446,2510
Vandalism,2024-10-01,1158,2044
Weapons Violation,2019-01-01,459,NA
Weapons Violation,2019-02-01,389,NA
Weapons Violation,2019-03-01,510,453
Weapons Violation,2019-04-01,543,481
Weapons Violation,2019-05-01,637,563
Weapons Violation,2019-06-01,584,588
Weapons Violation,2019-07-01,695,639
Weapons Violation,2019-08-01,673,651
Weapons Violation,2019-09-01,585,651
Weapons Violation,2019-10-01,496,585
Weapons Violation,2019-11-01,468,516
Weapons Violation,2019-12-01,520,495
Weapons Violation,2020-01-01,505,498
Weapons Violation,2020-02-01,474,500
Weapons Violation,2020-03-01,475,485
Weapons Violation,2020-04-01,481,477
Weapons Violation,2020-05-01,804,587
Weapons Violation,2020-06-01,796,694
Weapons Violation,2020-07-01,818,806
Weapons Violation,2020-08-01,997,870
Weapons Violation,2020-09-01,848,888
Weapons Violation,2020-10-01,820,888
Weapons Violation,2020-11-01,790,819
Weapons Violation,2020-12-01,773,794
Weapons Violation,2021-01-01,716,760
Weapons Violation,2021-02-01,482,657
Weapons Violation,2021-03-01,775,658
Weapons Violation,2021-04-01,795,684
Weapons Violation,2021-05-01,879,816
Weapons Violation,2021-06-01,926,867
Weapons Violation,2021-07-01,849,885
Weapons Violation,2021-08-01,812,862
Weapons Violation,2021-09-01,830,830
Weapons Violation,2021-10-01,759,800
Weapons Violation,2021-11-01,710,766
Weapons Violation,2021-12-01,624,698
Weapons Violation,2022-01-01,561,632
Weapons Violation,2022-02-01,592,592
Weapons Violation,2022-03-01,720,624
Weapons Violation,2022-04-01,764,692
Weapons Violation,2022-05-01,975,820
Weapons Violation,2022-06-01,881,873
Weapons Violation,2022-07-01,908,921
Weapons Violation,2022-08-01,847,879
Weapons Violation,2022-09-01,793,849
Weapons Violation,2022-10-01,747,796
Weapons Violation,2022-11-01,616,719
Weapons Violation,2022-12-01,558,640
Weapons Violation,2023-01-01,763,646
Weapons Violation,2023-02-01,660,660
Weapons Violation,2023-03-01,649,691
Weapons Violation,2023-04-01,700,670
Weapons Violation,2023-05-01,829,726
Weapons Violation,2023-06-01,809,779
Weapons Violation,2023-07-01,900,846
Weapons Violation,2023-08-01,826,845
Weapons Violation,2023-09-01,738,821
Weapons Violation,2023-10-01,699,754
Weapons Violation,2023-11-01,672,703
Weapons Violation,2023-12-01,571,647
Weapons Violation,2024-01-01,629,624
Weapons Violation,2024-02-01,649,616
Weapons Violation,2024-03-01,671,650
Weapons Violation,2024-04-01,682,667
Weapons Violation,2024-05-01,702,685
Weapons Violation,2024-06-01,785,723
Weapons Violation,2024-07-01,911,799
Weapons Violation,2024-08-01,781,826
Weapons Violation,2024-09-01,742,811
Weapons Violation,2024-10-01,287,603
