category,description,total19,total20,total21,total22,total23,last12mos,total_prior3years,avg_prior3years,inc_19to22,inc_19tolast12,inc_22tolast12,inc_prior3yearavgtolast12,rate19,rate20,rate21,rate22,rate_last12,rate_prior3years
Aggravated Assault,AGG PRO.EMP: HANDGUN,33,7,0,0,0,0,7,2.3,-100,-100,NA,-100,1.2,0.3,0,0,0,0.1
Aggravated Assault,AGG PRO.EMP: OTHER DANG WEAPON,49,5,0,0,0,0,5,1.7,-100,-100,NA,-100,1.8,0.2,0,0,0,0.1
Aggravated Assault,AGG PRO.EMP: OTHER FIREARM,8,1,0,0,0,0,1,0.3,-100,-100,NA,-100,0.3,0,0,0,0,0
Aggravated Assault,AGG PRO.EMP:KNIFE/CUTTING INST,51,12,0,0,0,0,12,4,-100,-100,NA,-100,1.9,0.4,0,0,0,0.1
Aggravated Assault,AGGRAVATED - HANDGUN,167,3293,4606,4647,1393,4752,12546,4182,2682.6,2745.5,3.2,14,6.2,122.1,170.8,172.3,176.2,155.1
Aggravated Assault,AGGRAVATED - KNIFE / CUTTING INSTRUMENT,5,1123,1294,1331,435,1395,3748,1249.3,26520,27800,7.8,12,0.2,41.6,48,49.4,51.7,46.3
Aggravated Assault,AGGRAVATED - OTHER DANGEROUS WEAPON,4,778,1038,970,292,1006,2786,928.7,24150,25050,-3.1,8,0.1,28.9,38.5,36,37.3,34.4
Aggravated Assault,AGGRAVATED - OTHER FIREARM,3,96,139,148,49,157,383,127.7,4833.3,5133.3,12.9,23,0.1,3.6,5.2,5.5,5.8,4.7
Aggravated Assault,AGGRAVATED PO: HANDGUN,29,3,0,0,0,0,3,1,-100,-100,NA,-100,1.1,0.1,0,0,0,0
Aggravated Assault,AGGRAVATED PO: OTHER DANG WEAP,49,7,0,0,0,0,7,2.3,-100,-100,NA,-100,1.8,0.3,0,0,0,0.1
Aggravated Assault,AGGRAVATED PO: OTHER FIREARM,2,0,0,0,0,0,0,0,-100,-100,NA,NA,0.1,0,0,0,0,0
Aggravated Assault,AGGRAVATED PO:KNIFE/CUT INSTR,27,8,0,0,0,0,8,2.7,-100,-100,NA,-100,1,0.3,0,0,0,0.1
Aggravated Assault,AGGRAVATED POLICE OFFICER - HANDGUN,10,50,49,42,9,39,141,47,320,290,-20.4,-17,0.4,1.9,1.8,1.6,1.4,1.7
Aggravated Assault,AGGRAVATED POLICE OFFICER - KNIFE / CUTTING INSTRUMENT,0,21,5,5,1,4,31,10.3,NA,NA,-20,-61,0,0.8,0.2,0.2,0.1,0.4
Aggravated Assault,AGGRAVATED POLICE OFFICER - OTHER DANGEROUS WEAPON,0,55,32,44,12,46,131,43.7,NA,NA,43.8,5,0,2,1.2,1.6,1.7,1.6
Aggravated Assault,AGGRAVATED POLICE OFFICER - OTHER FIREARM,0,1,2,6,3,7,9,3,NA,NA,250,133,0,0,0.1,0.2,0.3,0.1
Aggravated Assault,AGGRAVATED PROTECTED EMPLOYEE - HANDGUN,2,26,31,26,12,30,83,27.7,1200,1400,-3.2,8,0.1,1,1.1,1,1.1,1
Aggravated Assault,AGGRAVATED PROTECTED EMPLOYEE - KNIFE / CUTTING INSTRUMENT,0,33,8,20,9,25,61,20.3,NA,NA,212.5,23,0,1.2,0.3,0.7,0.9,0.8
Aggravated Assault,AGGRAVATED PROTECTED EMPLOYEE - OTHER DANGEROUS WEAPON,1,39,34,24,12,30,97,32.3,2300,2900,-11.8,-7,0,1.4,1.3,0.9,1.1,1.2
Aggravated Assault,AGGRAVATED PROTECTED EMPLOYEE - OTHER FIREARM,0,1,3,6,2,8,10,3.3,NA,NA,166.7,142,0,0,0.1,0.2,0.3,0.1
Aggravated Assault,AGGRAVATED: HANDGUN,2592,297,0,0,0,0,297,99,-100,-100,NA,-100,96.1,11,0,0,0,3.7
Aggravated Assault,AGGRAVATED: OTHER DANG WEAPON,1044,141,0,0,0,0,141,47,-100,-100,NA,-100,38.7,5.2,0,0,0,1.7
Aggravated Assault,AGGRAVATED: OTHER FIREARM,120,13,0,0,0,0,13,4.3,-100,-100,NA,-100,4.5,0.5,0,0,0,0.2
Aggravated Assault,AGGRAVATED:KNIFE/CUTTING INSTR,1644,253,0,0,0,0,253,84.3,-100,-100,NA,-100,61,9.4,0,0,0,3.1
Aggravated Battery,AGG PO HANDS ETC SERIOUS INJ,20,2,0,0,0,0,2,0.7,-100,-100,NA,-100,0.7,0.1,0,0,0,0
Aggravated Battery,AGG PRO EMP HANDS SERIOUS INJ,31,4,0,0,0,0,4,1.3,-100,-100,NA,-100,1.1,0.1,0,0,0,0
Aggravated Battery,AGG PRO.EMP: OTHER DANG WEAPON,76,9,0,0,0,0,9,3,-100,-100,NA,-100,2.8,0.3,0,0,0,0.1
Aggravated Battery,AGG PRO.EMP:KNIFE/CUTTING INST,9,0,0,0,0,0,0,0,-100,-100,NA,NA,0.3,0,0,0,0,0
Aggravated Battery,"AGG. DOMESTIC BATTERY - HANDS, FISTS, FEET, SERIOUS INJURY",8,558,743,799,344,907,2100,700,9887.5,11237.5,22.1,30,0.3,20.7,27.6,29.6,33.6,26
Aggravated Battery,"AGG. PROTECTED EMPLOYEE - HANDS, FISTS, FEET, SERIOUS INJURY",2,27,29,44,21,47,100,33.3,2100,2250,62.1,41,0.1,1,1.1,1.6,1.7,1.2
Aggravated Battery,"AGG. RITUAL MUTILATION - HANDS, FISTS, FEET, SERIOUS INJURY",0,1,0,0,0,0,1,0.3,NA,NA,NA,-100,0,0,0,0,0,0
Aggravated Battery,AGG: HANDS/FIST/FEET SERIOUS INJURY,139,12,0,0,0,0,12,4,-100,-100,NA,-100,5.2,0.4,0,0,0,0.1
Aggravated Battery,AGGRAVATED - HANDGUN,598,2374,2671,2118,469,2059,7163,2387.7,254.2,244.3,-22.9,-14,22.2,88,99.1,78.5,76.4,88.5
Aggravated Battery,"AGGRAVATED - HANDS, FISTS, FEET, SERIOUS INJURY",3,99,135,131,44,144,365,121.7,4266.7,4700,6.7,18,0.1,3.7,5,4.9,5.3,4.5
Aggravated Battery,AGGRAVATED - KNIFE / CUTTING INSTRUMENT,17,717,789,690,230,705,2196,732,3958.8,4047.1,-10.6,-4,0.6,26.6,29.3,25.6,26.1,27.1
Aggravated Battery,AGGRAVATED - OTHER DANGEROUS WEAPON,25,1619,1687,1619,488,1658,4925,1641.7,6376,6532,-1.7,1,0.9,60,62.6,60,61.5,60.9
Aggravated Battery,AGGRAVATED - OTHER FIREARM,2,10,16,11,3,11,37,12.3,450,450,-31.2,-11,0.1,0.4,0.6,0.4,0.4,0.5
Aggravated Battery,AGGRAVATED DOMESTIC BATTERY - HANDGUN,7,25,23,13,8,14,61,20.3,85.7,100,-39.1,-31,0.3,0.9,0.9,0.5,0.5,0.8
Aggravated Battery,AGGRAVATED DOMESTIC BATTERY - KNIFE / CUTTING INSTRUMENT,7,603,608,487,180,506,1698,566,6857.1,7128.6,-16.8,-11,0.3,22.4,22.5,18.1,18.8,21
Aggravated Battery,AGGRAVATED DOMESTIC BATTERY - OTHER DANGEROUS WEAPON,10,991,1077,969,326,1001,3037,1012.3,9590,9910,-7.1,-1,0.4,36.8,39.9,35.9,37.1,37.5
Aggravated Battery,AGGRAVATED DOMESTIC BATTERY - OTHER FIREARM,0,1,0,0,0,0,1,0.3,NA,NA,NA,-100,0,0,0,0,0,0
Aggravated Battery,AGGRAVATED DOMESTIC BATTERY: HANDGUN,11,0,0,0,0,0,0,0,-100,-100,NA,NA,0.4,0,0,0,0,0
Aggravated Battery,AGGRAVATED DOMESTIC BATTERY: HANDS/FIST/FEET SERIOUS INJURY,852,115,0,0,0,0,115,38.3,-100,-100,NA,-100,31.6,4.3,0,0,0,1.4
Aggravated Battery,AGGRAVATED DOMESTIC BATTERY: KNIFE / CUTTING INSTSTRUMENT,0,2,0,0,0,0,2,0.7,NA,NA,NA,-100,0,0.1,0,0,0,0
Aggravated Battery,AGGRAVATED DOMESTIC BATTERY: KNIFE/CUTTING INST,766,119,0,0,0,0,119,39.7,-100,-100,NA,-100,28.4,4.4,0,0,0,1.5
Aggravated Battery,AGGRAVATED DOMESTIC BATTERY: OTHER DANG WEAPON,1200,135,0,0,0,0,135,45,-100,-100,NA,-100,44.5,5,0,0,0,1.7
Aggravated Battery,AGGRAVATED DOMESTIC BATTERY: OTHER DANGEROUS WEAPON,0,3,0,0,0,0,3,1,NA,NA,NA,-100,0,0.1,0,0,0,0
Aggravated Battery,AGGRAVATED OF A CHILD,82,91,59,80,24,80,230,76.7,-2.4,-2.4,35.6,4,3,3.4,2.2,3,3,2.8
Aggravated Battery,AGGRAVATED OF A SENIOR CITIZEN,284,279,312,326,125,361,917,305.7,14.8,27.1,15.7,18,10.5,10.3,11.6,12.1,13.4,11.3
Aggravated Battery,"AGGRAVATED P.O. - HANDS, FISTS, FEET, SERIOUS INJURY",2,23,57,64,27,70,144,48,3100,3400,22.8,46,0.1,0.9,2.1,2.4,2.6,1.8
Aggravated Battery,AGGRAVATED PO: HANDGUN,1,0,0,0,0,0,0,0,-100,-100,NA,NA,0,0,0,0,0,0
Aggravated Battery,AGGRAVATED PO: KNIFE/CUT INSTR,6,3,0,0,0,0,3,1,-100,-100,NA,-100,0.2,0.1,0,0,0,0
Aggravated Battery,AGGRAVATED PO: OTHER DANG WEAP,63,9,0,0,0,0,9,3,-100,-100,NA,-100,2.3,0.3,0,0,0,0.1
Aggravated Battery,AGGRAVATED PO: OTHER DANGEROUS WEAPON,0,1,0,0,0,0,1,0.3,NA,NA,NA,-100,0,0,0,0,0,0
Aggravated Battery,AGGRAVATED POLICE OFFICER - HANDGUN,2,6,5,8,0,4,19,6.3,300,100,-20,-37,0.1,0.2,0.2,0.3,0.1,0.2
Aggravated Battery,AGGRAVATED POLICE OFFICER - KNIFE / CUTTING INSTRUMENT,1,7,0,3,0,3,10,3.3,200,200,NA,-9,0,0.3,0,0.1,0.1,0.1
Aggravated Battery,AGGRAVATED POLICE OFFICER - OTHER DANGEROUS WEAPON,4,103,69,65,27,73,237,79,1525,1725,5.8,-8,0.1,3.8,2.6,2.4,2.7,2.9
Aggravated Battery,AGGRAVATED POLICE OFFICER - OTHER FIREARM,0,0,1,0,0,0,1,0.3,NA,NA,-100,-100,0,0,0,0,0,0
Aggravated Battery,AGGRAVATED PROTECTED EMPLOYEE - HANDGUN,0,2,1,0,0,0,3,1,NA,NA,-100,-100,0,0.1,0,0,0,0
Aggravated Battery,AGGRAVATED PROTECTED EMPLOYEE - KNIFE / CUTTING INSTRUMENT,1,6,5,6,0,5,17,5.7,500,400,0,-12,0,0.2,0.2,0.2,0.2,0.2
Aggravated Battery,AGGRAVATED PROTECTED EMPLOYEE - OTHER DANGEROUS WEAPON,1,54,50,53,15,53,157,52.3,5200,5200,6,1,0,2,1.9,2,2,1.9
Aggravated Battery,AGGRAVATED PROTECTED EMPLOYEE - OTHER FIREARM,0,0,0,0,1,1,0,0,NA,NA,NA,NA,0,0,0,0,0,0
Aggravated Battery,AGGRAVATED: HANDGUN,1005,43,0,0,0,0,43,14.3,-100,-100,NA,-100,37.3,1.6,0,0,0,0.5
Aggravated Battery,AGGRAVATED: HANDS / FIST / FEET SERIOUS INJURY,0,1,0,0,0,0,1,0.3,NA,NA,NA,-100,0,0,0,0,0,0
Aggravated Battery,AGGRAVATED: KNIFE / CUTTING INSTRUMENT,0,1,0,0,0,0,1,0.3,NA,NA,NA,-100,0,0,0,0,0,0
Aggravated Battery,AGGRAVATED: OTHER DANG WEAPON,1802,167,0,0,0,0,167,55.7,-100,-100,NA,-100,66.8,6.2,0,0,0,2.1
Aggravated Battery,AGGRAVATED: OTHER DANGEROUS WEAPON,0,3,0,0,0,0,3,1,NA,NA,NA,-100,0,0.1,0,0,0,0
Aggravated Battery,AGGRAVATED: OTHER FIREARM,4,1,0,0,0,0,1,0.3,-100,-100,NA,-100,0.1,0,0,0,0,0
Aggravated Battery,AGGRAVATED:KNIFE/CUTTING INSTR,811,83,0,0,0,0,83,27.7,-100,-100,NA,-100,30.1,3.1,0,0,0,1
Arson,AGGRAVATED,59,44,45,35,12,42,124,41.3,-40.7,-28.8,-6.7,2,2.2,1.6,1.7,1.3,1.6,1.5
Arson,ATTEMPT ARSON,51,63,63,40,13,45,166,55.3,-21.6,-11.8,-28.6,-19,1.9,2.3,2.3,1.5,1.7,2.1
Arson,BY EXPLOSIVE,3,5,17,9,3,9,31,10.3,200,200,-47.1,-13,0.1,0.2,0.6,0.3,0.3,0.4
Arson,BY FIRE,260,473,393,334,113,354,1200,400,28.5,36.2,-9.9,-12,9.6,17.5,14.6,12.4,13.1,14.8
Arson,POS: EXPLOSIVE/INCENDIARY DEV,3,0,0,0,0,0,0,0,-100,-100,NA,NA,0.1,0,0,0,0,0
Arson,POSSESSION - EXPLOSIVE / INCENDIARY DEVICE,0,4,9,4,1,3,17,5.7,NA,NA,-66.7,-47,0,0.1,0.3,0.1,0.1,0.2
Burglary,ATTEMPT FORCIBLE ENTRY,402,336,324,359,142,393,1019,339.7,-10.7,-2.2,21.3,16,14.9,12.5,12,13.3,14.6,12.6
Burglary,FORCIBLE ENTRY,5566,5557,3751,4157,1385,4267,13465,4488.3,-25.3,-23.3,13.8,-5,206.4,206.1,139.1,154.2,158.2,166.4
Burglary,HOME INVASION,233,259,283,299,77,273,841,280.3,28.3,17.2,-3.5,-3,8.6,9.6,10.5,11.1,10.1,10.4
Burglary,UNLAWFUL ENTRY,3438,2602,2298,2764,752,2762,7664,2554.7,-19.6,-19.7,20.2,8,127.5,96.5,85.2,102.5,102.4,94.7
Criminal Sexual Abuse,AGG CRIMINAL SEXUAL ABUSE,107,6,0,0,0,0,6,2,-100,-100,NA,-100,4,0.2,0,0,0,0.1
Criminal Sexual Abuse,AGGRAVATED CRIMINAL SEXUAL ABUSE,76,128,119,130,46,126,377,125.7,71.1,65.8,5.9,0,2.8,4.7,4.4,4.8,4.7,4.7
Criminal Sexual Abuse,ATT AGG CRIMINAL SEXUAL ABUSE,5,0,0,0,0,0,0,0,-100,-100,NA,NA,0.2,0,0,0,0,0
Criminal Sexual Abuse,ATT CRIM SEXUAL ABUSE,30,2,0,0,0,0,2,0.7,-100,-100,NA,-100,1.1,0.1,0,0,0,0
Criminal Sexual Abuse,ATTEMPT AGGRAVATED CRIMINAL SEXUAL ABUSE,2,2,2,10,2,11,14,4.7,400,450,450,134,0.1,0.1,0.1,0.4,0.4,0.2
Criminal Sexual Abuse,ATTEMPT CRIMINAL SEXUAL ABUSE,6,20,31,30,13,34,81,27,400,466.7,9.7,26,0.2,0.7,1.1,1.1,1.3,1
Criminal Sexual Abuse,BIGAMY,1,1,1,0,0,0,2,0.7,-100,-100,-100,-100,0,0,0,0,0,0
Criminal Sexual Abuse,CHILD PORNOGRAPHY,161,123,103,81,27,70,307,102.3,-49.7,-56.5,-32,-32,6,4.6,3.8,3,2.6,3.8
Criminal Sexual Abuse,CRIMINAL SEXUAL ABUSE,468,279,395,398,128,413,1072,357.3,-15,-11.8,4.6,16,17.4,10.3,14.6,14.8,15.3,13.3
Criminal Sexual Abuse,CRIMINAL TRANSMISSION OF HIV,4,3,0,2,0,1,5,1.7,-50,-75,NA,-41,0.1,0.1,0,0.1,0,0.1
Criminal Sexual Abuse,FORNICATION,0,0,0,0,1,1,0,0,NA,NA,NA,NA,0,0,0,0,0,0
Criminal Sexual Abuse,INDECENT SOLICITATION OF A CHILD,5,17,25,16,6,14,58,19.3,220,180,-44,-27,0.2,0.6,0.9,0.6,0.5,0.7
Criminal Sexual Abuse,INDECENT SOLICITATION OF AN ADULT,0,2,4,3,2,4,9,3,NA,NA,0,33,0,0.1,0.1,0.1,0.1,0.1
Criminal Sexual Abuse,INDECENT SOLICITATION/ADULT,4,1,0,0,0,0,1,0.3,-100,-100,NA,-100,0.1,0,0,0,0,0
Criminal Sexual Abuse,INDECENT SOLICITATION/CHILD,23,1,0,0,0,0,1,0.3,-100,-100,NA,-100,0.9,0,0,0,0,0
Criminal Sexual Abuse,LICENSED PREMISE,11,9,4,5,1,6,18,6,-54.5,-45.5,50,0,0.4,0.3,0.1,0.2,0.2,0.2
Criminal Sexual Abuse,NON-CONSENSUAL DISSEMINATION OF PRIVATE SEXUAL IMAGES,16,184,176,238,95,237,598,199.3,1387.5,1381.2,34.7,19,0.6,6.8,6.5,8.8,8.8,7.4
Criminal Sexual Abuse,NON-CONSENSUAL DISSEMINATION PRIVATE SEXUAL IMAGES,202,20,0,0,0,0,20,6.7,-100,-100,NA,-100,7.5,0.7,0,0,0,0.2
Criminal Sexual Abuse,OBSCENE MATTER,34,40,29,28,9,30,97,32.3,-17.6,-11.8,3.4,-7,1.3,1.5,1.1,1,1.1,1.2
Criminal Sexual Abuse,OBSCENE TELEPHONE CALLS,18,23,28,21,10,26,72,24,16.7,44.4,-7.1,8,0.7,0.9,1,0.8,1,0.9
Criminal Sexual Abuse,OBSCENITY,2,4,5,8,2,8,17,5.7,300,300,60,40,0.1,0.1,0.2,0.3,0.3,0.2
Criminal Sexual Abuse,OTHER,117,88,90,84,34,93,262,87.3,-28.2,-20.5,3.3,7,4.3,3.3,3.3,3.1,3.4,3.2
Criminal Sexual Abuse,PUBLIC INDECENCY,221,146,167,206,51,211,519,173,-6.8,-4.5,26.3,22,8.2,5.4,6.2,7.6,7.8,6.4
Criminal Sexual Abuse,SALE / DISTRIBUTE OBSCENE MATERIAL TO MINOR,4,11,15,11,3,11,37,12.3,175,175,-26.7,-11,0.1,0.4,0.6,0.4,0.4,0.5
Criminal Sexual Abuse,SALE/DIST OBSCENE MAT TO MINOR,19,1,0,0,0,0,1,0.3,-100,-100,NA,-100,0.7,0,0,0,0,0
Criminal Sexual Abuse,SEXUAL RELATIONS IN FAMILY,2,1,1,2,0,2,4,1.3,0,0,100,54,0.1,0,0,0.1,0.1,0
Criminal Sexual Assault,AGG SEX ASSLT OF CHILD FAM MBR,78,9,0,0,0,0,9,3,-100,-100,NA,-100,2.9,0.3,0,0,0,0.1
Criminal Sexual Assault,AGGRAVATED - HANDGUN,21,51,63,58,21,61,172,57.3,176.2,190.5,-3.2,6,0.8,1.9,2.3,2.2,2.3,2.1
Criminal Sexual Assault,AGGRAVATED - KNIFE / CUTTING INSTRUMENT,11,21,26,30,10,30,77,25.7,172.7,172.7,15.4,17,0.4,0.8,1,1.1,1.1,1
Criminal Sexual Assault,AGGRAVATED - OTHER,109,141,207,185,62,197,533,177.7,69.7,80.7,-4.8,11,4,5.2,7.7,6.9,7.3,6.6
Criminal Sexual Assault,AGGRAVATED - OTHER DANGEROUS WEAPON,2,6,9,8,5,9,23,7.7,300,350,0,17,0.1,0.2,0.3,0.3,0.3,0.3
Criminal Sexual Assault,AGGRAVATED - OTHER FIREARM,0,1,2,0,1,1,3,1,NA,NA,-50,0,0,0,0.1,0,0,0
Criminal Sexual Assault,AGGRAVATED SEXUAL ASSAULT OF CHILD BY FAMILY MEMBER,100,152,124,127,48,137,403,134.3,27,37,10.5,2,3.7,5.6,4.6,4.7,5.1,5
Criminal Sexual Assault,AGGRAVATED: HANDGUN,24,0,0,0,0,0,0,0,-100,-100,NA,NA,0.9,0,0,0,0,0
Criminal Sexual Assault,AGGRAVATED: KNIFE / CUTTING INSTRUMENT,1,0,0,0,0,0,0,0,-100,-100,NA,NA,0,0,0,0,0,0
Criminal Sexual Assault,AGGRAVATED: KNIFE/CUT INSTR,13,2,0,0,0,0,2,0.7,-100,-100,NA,-100,0.5,0.1,0,0,0,0
Criminal Sexual Assault,AGGRAVATED: OTHER,119,7,0,0,0,0,7,2.3,-100,-100,NA,-100,4.4,0.3,0,0,0,0.1
Criminal Sexual Assault,AGGRAVATED: OTHER DANG WEAPON,6,1,0,0,0,0,1,0.3,-100,-100,NA,-100,0.2,0,0,0,0,0
Criminal Sexual Assault,AGGRAVATED: OTHER FIREARM,1,0,0,0,0,0,0,0,-100,-100,NA,NA,0,0,0,0,0,0
Criminal Sexual Assault,ATTEMPT AGG: HANDGUN,4,1,0,0,0,0,1,0.3,-100,-100,NA,-100,0.1,0,0,0,0,0
Criminal Sexual Assault,ATTEMPT AGG: KNIFE/CUT INSTR,5,0,0,0,0,0,0,0,-100,-100,NA,NA,0.2,0,0,0,0,0
Criminal Sexual Assault,ATTEMPT AGG: OTHER,10,0,0,0,0,0,0,0,-100,-100,NA,NA,0.4,0,0,0,0,0
Criminal Sexual Assault,ATTEMPT AGGRAVATED - HANDGUN,0,4,7,7,1,4,18,6,NA,NA,-42.9,-33,0,0.1,0.3,0.3,0.1,0.2
Criminal Sexual Assault,ATTEMPT AGGRAVATED - KNIFE / CUTTING INSTRUMENT,0,3,2,2,0,2,7,2.3,NA,NA,0,-13,0,0.1,0.1,0.1,0.1,0.1
Criminal Sexual Assault,ATTEMPT AGGRAVATED - OTHER,1,7,10,12,2,12,29,9.7,1100,1100,20,24,0,0.3,0.4,0.4,0.4,0.4
Criminal Sexual Assault,ATTEMPT AGGRAVATED - OTHER DANGEROUS WEAPON,1,0,0,0,0,0,0,0,-100,-100,NA,NA,0,0,0,0,0,0
Criminal Sexual Assault,ATTEMPT NON-AGGRAVATED,67,59,61,45,14,46,165,55,-32.8,-31.3,-24.6,-16,2.5,2.2,2.3,1.7,1.7,2
Criminal Sexual Assault,NON-AGGRAVATED,1144,847,1019,1082,329,1060,2948,982.7,-5.4,-7.3,4,8,42.4,31.4,37.8,40.1,39.3,36.4
Criminal Sexual Assault,PREDATORY,101,81,79,99,14,72,259,86.3,-2,-28.7,-8.9,-17,3.7,3,2.9,3.7,2.7,3.2
Criminal Sexual Assault,SEX ASSLT OF CHILD BY FAM MBR,24,1,0,0,0,0,1,0.3,-100,-100,NA,-100,0.9,0,0,0,0,0
Criminal Sexual Assault,SEXUAL ASSAULT OF CHILD BY FAMILY MEMBER,25,50,64,69,19,62,183,61,176,148,-3.1,2,0.9,1.9,2.4,2.6,2.3,2.3
Disorderly Conduct,AIDING ARRESTEE ESCAPE,0,1,1,0,0,0,2,0.7,NA,NA,-100,-100,0,0,0,0,0,0
Disorderly Conduct,ESCAPE,14,5,10,13,3,11,28,9.3,-7.1,-21.4,10,18,0.5,0.2,0.4,0.5,0.4,0.3
Disorderly Conduct,FALSE FIRE ALARM,9,7,4,9,2,7,20,6.7,0,-22.2,75,4,0.3,0.3,0.1,0.3,0.3,0.2
Disorderly Conduct,FALSE POLICE REPORT,82,53,43,38,19,46,134,44.7,-53.7,-43.9,7,3,3,2,1.6,1.4,1.7,1.7
Disorderly Conduct,MOB ACTION,12,33,6,5,5,9,44,14.7,-58.3,-25,50,-39,0.4,1.2,0.2,0.2,0.3,0.5
Disorderly Conduct,OBSTRUCTING IDENTIFICATION,993,337,128,170,90,205,635,211.7,-82.9,-79.4,60.2,-3,36.8,12.5,4.7,6.3,7.6,7.9
Disorderly Conduct,OBSTRUCTING JUSTICE,90,46,47,53,29,70,146,48.7,-41.1,-22.2,48.9,44,3.3,1.7,1.7,2,2.6,1.8
Disorderly Conduct,OBSTRUCTING SERVICE,32,22,7,15,5,17,44,14.7,-53.1,-46.9,142.9,16,1.2,0.8,0.3,0.6,0.6,0.5
Disorderly Conduct,PEEPING TOM,35,31,49,39,11,37,119,39.7,11.4,5.7,-24.5,-7,1.3,1.1,1.8,1.4,1.4,1.5
Disorderly Conduct,RECKLESS CONDUCT,1050,475,266,335,134,381,1076,358.7,-68.1,-63.7,43.2,6,38.9,17.6,9.9,12.4,14.1,13.3
Disorderly Conduct,REFUSING TO AID AN OFFICER,0,1,0,0,0,0,1,0.3,NA,NA,NA,-100,0,0,0,0,0,0
Disorderly Conduct,RESIST / OBSTRUCT / DISARM OFFICER,0,170,109,131,72,165,410,136.7,NA,NA,51.4,21,0,6.3,4,4.9,6.1,5.1
Disorderly Conduct,RESIST/OBSTRUCT/DISARM OFFICER,403,65,0,0,0,0,65,21.7,-100,-100,NA,-100,14.9,2.4,0,0,0,0.8
Drug Abuse,ALTER / FORGE PRESCRIPTION,1,11,7,11,5,13,29,9.7,1000,1200,85.7,34,0,0.4,0.3,0.4,0.5,0.4
Drug Abuse,ALTER/FORGE PRESCRIPTION,54,3,0,0,0,0,3,1,-100,-100,NA,-100,2,0.1,0,0,0,0
Drug Abuse,ATTEMPT POSSESSION NARCOTICS,64,19,0,1,0,1,20,6.7,-98.4,-98.4,NA,-85,2.4,0.7,0,0,0,0.2
Drug Abuse,CANNABIS PLANT,4,3,4,1,0,0,8,2.7,-75,-100,-100,-100,0.1,0.1,0.1,0,0,0.1
Drug Abuse,CONT SUBS:FAIL TO MAINT RECORD,0,1,0,0,0,0,1,0.3,NA,NA,NA,-100,0,0,0,0,0,0
Drug Abuse,CRIMINAL DRUG CONSPIRACY,8,6,15,3,0,2,24,8,-62.5,-75,-86.7,-75,0.3,0.2,0.6,0.1,0.1,0.3
Drug Abuse,DELIVER CANNABIS TO PERSON <18,2,0,0,0,0,0,0,0,-100,-100,NA,NA,0.1,0,0,0,0,0
Drug Abuse,DELIVER CANNABIS TO PERSON UNDER 18,0,0,1,0,4,4,1,0.3,NA,NA,300,1233,0,0,0,0,0.1,0
Drug Abuse,DELIVER CONTROLLED SUBSTANCES TO PERSON UNDER 18,0,0,0,1,0,1,1,0.3,NA,NA,NA,233,0,0,0,0,0,0
Drug Abuse,INTOXICATING COMPOUNDS,8,6,2,7,2,8,15,5,-12.5,0,300,60,0.3,0.2,0.1,0.3,0.3,0.2
Drug Abuse,MANU/DEL:CANNABIS 10GM OR LESS,520,77,0,0,0,0,77,25.7,-100,-100,NA,-100,19.3,2.9,0,0,0,1
Drug Abuse,MANU/DEL:CANNABIS OVER 10 GMS,1148,214,0,0,0,0,214,71.3,-100,-100,NA,-100,42.6,7.9,0,0,0,2.6
Drug Abuse,MANU/DELIVER: HALLUCINOGEN,13,2,0,0,0,0,2,0.7,-100,-100,NA,-100,0.5,0.1,0,0,0,0
Drug Abuse,MANU/DELIVER: HEROIN (WHITE),1071,179,0,0,0,0,179,59.7,-100,-100,NA,-100,39.7,6.6,0,0,0,2.2
Drug Abuse,MANU/DELIVER: HEROIN(BRN/TAN),51,9,0,0,0,0,9,3,-100,-100,NA,-100,1.9,0.3,0,0,0,0.1
Drug Abuse,MANU/DELIVER: METHAMPHETAMINES,9,6,0,0,0,0,6,2,-100,-100,NA,-100,0.3,0.2,0,0,0,0.1
Drug Abuse,MANU/DELIVER:AMPHETAMINES,10,1,0,0,0,0,1,0.3,-100,-100,NA,-100,0.4,0,0,0,0,0
Drug Abuse,MANU/DELIVER:BARBITUATES,20,4,0,0,0,0,4,1.3,-100,-100,NA,-100,0.7,0.1,0,0,0,0
Drug Abuse,MANU/DELIVER:COCAINE,78,13,0,0,0,0,13,4.3,-100,-100,NA,-100,2.9,0.5,0,0,0,0.2
Drug Abuse,MANU/DELIVER:CRACK,436,67,0,0,0,0,67,22.3,-100,-100,NA,-100,16.2,2.5,0,0,0,0.8
Drug Abuse,MANU/DELIVER:PCP,25,4,0,0,0,0,4,1.3,-100,-100,NA,-100,0.9,0.1,0,0,0,0
Drug Abuse,MANU/DELIVER:SYNTHETIC DRUGS,35,0,0,0,0,0,0,0,-100,-100,NA,NA,1.3,0,0,0,0,0
Drug Abuse,MANU/POSS. W/INTENT TO DELIVER: SYNTHETIC MARIJUANA,6,0,0,0,0,0,0,0,-100,-100,NA,NA,0.2,0,0,0,0,0
Drug Abuse,MANUFACTURE / DELIVER -  HEROIN (WHITE),253,434,722,219,54,180,1375,458.3,-13.4,-28.9,-75.1,-61,9.4,16.1,26.8,8.1,6.7,17
Drug Abuse,MANUFACTURE / DELIVER - AMPHETAMINES,0,3,5,1,0,1,9,3,NA,NA,-80,-67,0,0.1,0.2,0,0,0.1
Drug Abuse,MANUFACTURE / DELIVER - BARBITURATES,0,12,3,2,1,3,17,5.7,NA,NA,0,-47,0,0.4,0.1,0.1,0.1,0.2
Drug Abuse,MANUFACTURE / DELIVER - CANNABIS 10 GRAMS OR LESS,10,59,36,48,7,35,143,47.7,380,250,-2.8,-27,0.4,2.2,1.3,1.8,1.3,1.8
Drug Abuse,MANUFACTURE / DELIVER - CANNABIS OVER 10 GRAMS,8,411,277,304,172,376,992,330.7,3700,4600,35.7,14,0.3,15.2,10.3,11.3,13.9,12.3
Drug Abuse,MANUFACTURE / DELIVER - COCAINE,7,39,13,14,5,13,66,22,100,85.7,0,-41,0.3,1.4,0.5,0.5,0.5,0.8
Drug Abuse,MANUFACTURE / DELIVER - CRACK,134,191,300,85,30,78,576,192,-36.6,-41.8,-74,-59,5,7.1,11.1,3.2,2.9,7.1
Drug Abuse,MANUFACTURE / DELIVER - HALLUCINOGEN,16,14,9,8,1,7,31,10.3,-50,-56.2,-22.2,-32,0.6,0.5,0.3,0.3,0.3,0.4
Drug Abuse,MANUFACTURE / DELIVER - HEROIN (BLACK TAR),0,2,0,1,0,0,3,1,NA,NA,NA,-100,0,0.1,0,0,0,0
Drug Abuse,MANUFACTURE / DELIVER - HEROIN (TAN / BROWN TAR),0,18,10,6,2,6,34,11.3,NA,NA,-40,-47,0,0.7,0.4,0.2,0.2,0.4
Drug Abuse,MANUFACTURE / DELIVER - METHAMPHETAMINE,0,6,9,2,1,1,17,5.7,NA,NA,-88.9,-82,0,0.2,0.3,0.1,0,0.2
Drug Abuse,MANUFACTURE / DELIVER - PCP,2,5,28,9,1,6,42,14,350,200,-78.6,-57,0.1,0.2,1,0.3,0.2,0.5
Drug Abuse,MANUFACTURE / DELIVER - SYNTHETIC DRUGS,13,21,21,4,3,5,46,15.3,-69.2,-61.5,-76.2,-67,0.5,0.8,0.8,0.1,0.2,0.6
Drug Abuse,MANUFACTURE / DELIVER - SYNTHETIC MARIJUANA,0,1,2,0,0,0,3,1,NA,NA,-100,-100,0,0,0.1,0,0,0
Drug Abuse,POS: HYPODERMIC NEEDLE,12,2,0,0,0,0,2,0.7,-100,-100,NA,-100,0.4,0.1,0,0,0,0
Drug Abuse,POSS: AMPHETAMINES,68,13,0,0,0,0,13,4.3,-100,-100,NA,-100,2.5,0.5,0,0,0,0.2
Drug Abuse,POSS: BARBITUATES,270,56,0,0,0,0,56,18.7,-100,-100,NA,-100,10,2.1,0,0,0,0.7
Drug Abuse,POSS: CANNABIS 30GMS OR LESS,1276,113,0,0,0,0,113,37.7,-100,-100,NA,-100,47.3,4.2,0,0,0,1.4
Drug Abuse,POSS: CANNABIS MORE THAN 30GMS,1060,149,0,0,0,0,149,49.7,-100,-100,NA,-100,39.3,5.5,0,0,0,1.8
Drug Abuse,POSS: COCAINE,552,118,0,0,0,0,118,39.3,-100,-100,NA,-100,20.5,4.4,0,0,0,1.5
Drug Abuse,POSS: CRACK,1480,279,0,0,0,0,279,93,-100,-100,NA,-100,54.9,10.3,0,0,0,3.4
Drug Abuse,POSS: HALLUCINOGENS,146,28,0,0,0,0,28,9.3,-100,-100,NA,-100,5.4,1,0,0,0,0.3
Drug Abuse,POSS: HEROIN(BLACK TAR),10,2,0,0,0,0,2,0.7,-100,-100,NA,-100,0.4,0.1,0,0,0,0
Drug Abuse,POSS: HEROIN(BRN/TAN),169,36,0,0,0,0,36,12,-100,-100,NA,-100,6.3,1.3,0,0,0,0.4
Drug Abuse,POSS: HEROIN(WHITE),2787,587,0,0,0,0,587,195.7,-100,-100,NA,-100,103.4,21.8,0,0,0,7.3
Drug Abuse,POSS: LOOK-ALIKE DRUGS,1,0,0,0,0,0,0,0,-100,-100,NA,NA,0,0,0,0,0,0
Drug Abuse,POSS: METHAMPHETAMINES,121,24,0,0,0,0,24,8,-100,-100,NA,-100,4.5,0.9,0,0,0,0.3
Drug Abuse,POSS: PCP,223,51,0,0,0,0,51,17,-100,-100,NA,-100,8.3,1.9,0,0,0,0.6
Drug Abuse,POSS: SYNTHETIC DRUGS,473,84,0,0,0,0,84,28,-100,-100,NA,-100,17.5,3.1,0,0,0,1
Drug Abuse,POSSESS - AMPHETAMINES,0,40,27,26,18,33,93,31,NA,NA,22.2,6,0,1.5,1,1,1.2,1.1
Drug Abuse,POSSESS - BARBITURATES,0,100,96,59,30,67,255,85,NA,NA,-30.2,-21,0,3.7,3.6,2.2,2.5,3.2
Drug Abuse,POSSESS - CANNABIS 30 GRAMS OR LESS,5,142,211,336,201,418,689,229.7,6620,8260,98.1,82,0.2,5.3,7.8,12.5,15.5,8.5
Drug Abuse,POSSESS - CANNABIS MORE THAN 30 GRAMS,82,392,417,531,159,470,1340,446.7,547.6,473.2,12.7,5,3,14.5,15.5,19.7,17.4,16.6
Drug Abuse,POSSESS - COCAINE,28,259,248,222,79,234,729,243,692.9,735.7,-5.6,-4,1,9.6,9.2,8.2,8.7,9
Drug Abuse,POSSESS - CRACK,83,482,410,391,185,433,1283,427.7,371.1,421.7,5.6,1,3.1,17.9,15.2,14.5,16.1,15.9
Drug Abuse,POSSESS - HALLUCINOGENS,14,105,73,53,16,48,231,77,278.6,242.9,-34.2,-38,0.5,3.9,2.7,2,1.8,2.9
Drug Abuse,POSSESS - HEROIN (BLACK TAR),0,4,5,4,3,7,13,4.3,NA,NA,40,63,0,0.1,0.2,0.1,0.3,0.2
Drug Abuse,POSSESS - HEROIN (TAN / BROWN TAR),1,69,45,33,17,45,147,49,3200,4400,0,-8,0,2.6,1.7,1.2,1.7,1.8
Drug Abuse,POSSESS - HEROIN (WHITE),90,1005,992,770,361,804,2767,922.3,755.6,793.3,-19,-13,3.3,37.3,36.8,28.6,29.8,34.2
Drug Abuse,POSSESS - HYPODERMIC NEEDLE,0,0,0,1,0,1,1,0.3,NA,NA,NA,233,0,0,0,0,0,0
Drug Abuse,POSSESS - METHAMPHETAMINE,8,59,37,36,9,32,132,44,350,300,-13.5,-27,0.3,2.2,1.4,1.3,1.2,1.6
Drug Abuse,POSSESS - PCP,0,58,54,82,54,115,194,64.7,NA,NA,113,78,0,2.2,2,3,4.3,2.4
Drug Abuse,POSSESS - SYNTHETIC DRUGS,8,211,138,99,42,105,448,149.3,1137.5,1212.5,-23.9,-30,0.3,7.8,5.1,3.7,3.9,5.5
Drug Abuse,POSSESSION OF DRUG EQUIPMENT,252,71,10,22,28,44,103,34.3,-91.3,-82.5,340,28,9.3,2.6,0.4,0.8,1.6,1.3
Drug Abuse,POSSESSION: SYNTHETIC MARIJUANA,7,1,0,0,0,0,1,0.3,-100,-100,NA,-100,0.3,0,0,0,0,0
Embezzlement,EMBEZZLEMENT,44,21,25,18,6,17,64,21.3,-59.1,-61.4,-32,-20,1.6,0.8,0.9,0.7,0.6,0.8
Forgery & Counterfeiting,COUNTERFEIT CHECK,534,334,143,325,54,285,802,267.3,-39.1,-46.6,99.3,7,19.8,12.4,5.3,12.1,10.6,9.9
Forgery & Counterfeiting,COUNTERFEITING DOCUMENT,515,276,190,200,66,185,666,222,-61.2,-64.1,-2.6,-17,19.1,10.2,7,7.4,6.9,8.2
Forgery & Counterfeiting,FORGERY,525,427,673,1843,428,1853,2943,981,251,253,175.3,89,19.5,15.8,25,68.3,68.7,36.4
Fraud,AGGRAVATED COMPUTER TAMPERING,2,0,2,1,1,2,3,1,-50,0,0,100,0.1,0,0.1,0,0.1,0
Fraud,AGGRAVATED FINANCIAL IDENTITY THEFT,78,128,72,56,15,52,256,85.3,-28.2,-33.3,-27.8,-39,2.9,4.7,2.7,2.1,1.9,3.2
Fraud,ATTEMPT - FINANCIAL IDENTITY THEFT,446,768,515,730,204,661,2013,671,63.7,48.2,28.3,-1,16.5,28.5,19.1,27.1,24.5,24.9
Fraud,BOGUS CHECK,373,341,309,600,112,524,1250,416.7,60.9,40.5,69.6,26,13.8,12.6,11.5,22.3,19.4,15.5
Fraud,COMPUTER FRAUD,115,111,194,260,110,279,565,188.3,126.1,142.6,43.8,48,4.3,4.1,7.2,9.6,10.3,7
Fraud,CREDIT CARD FRAUD,4181,2135,1874,2313,820,2487,6322,2107.3,-44.7,-40.5,32.7,18,155,79.2,69.5,85.8,92.2,78.1
Fraud,CRIMINAL DEFACEMENT,964,704,500,424,119,429,1628,542.7,-56,-55.5,-14.2,-21,35.7,26.1,18.5,15.7,15.9,20.1
Fraud,DECEPTIVE COLLECTION PRACTICES,24,114,33,18,4,13,165,55,-25,-45.8,-60.6,-76,0.9,4.2,1.2,0.7,0.5,2
Fraud,FINAN EXPLOIT-ELDERLY/DISABLED,31,6,0,0,0,0,6,2,-100,-100,NA,-100,1.1,0.2,0,0,0,0.1
Fraud,FINANCIAL EXPLOITATION OF AN ELDERLY OR DISABLED PERSON,20,62,83,70,17,64,215,71.7,250,220,-22.9,-11,0.7,2.3,3.1,2.6,2.4,2.7
Fraud,FINANCIAL IDENTITY THEFT $300 AND UNDER,1476,5295,5291,1336,438,1283,11922,3974,-9.5,-13.1,-75.8,-68,54.7,196.4,196.2,49.5,47.6,147.4
Fraud,FINANCIAL IDENTITY THEFT OVER $ 300,4728,4197,3243,3056,1167,3026,10496,3498.7,-35.4,-36,-6.7,-14,175.3,155.6,120.3,113.3,112.2,129.7
Fraud,FRAUD OR CONFIDENCE GAME,2547,2133,2343,2132,644,2043,6608,2202.7,-16.3,-19.8,-12.8,-7,94.5,79.1,86.9,79.1,75.8,81.7
Fraud,ILLEGAL POSSESSION CASH CARD,35,37,15,10,5,11,62,20.7,-71.4,-68.6,-26.7,-47,1.3,1.4,0.6,0.4,0.4,0.8
Fraud,ILLEGAL USE CASH CARD,1413,820,1006,950,426,1101,2776,925.3,-32.8,-22.1,9.4,19,52.4,30.4,37.3,35.2,40.8,34.3
Fraud,IMPERSONATION,31,36,40,38,9,39,114,38,22.6,25.8,-2.5,3,1.1,1.3,1.5,1.4,1.4,1.4
Fraud,INSURANCE FRAUD,5,5,6,12,1,10,23,7.7,140,100,66.7,30,0.2,0.2,0.2,0.4,0.4,0.3
Fraud,PAY TV SERVICE OFFENSES,3,1,3,4,0,2,8,2.7,33.3,-33.3,-33.3,-26,0.1,0,0.1,0.1,0.1,0.1
Fraud,POSSESS KEYS OR DEVICE TO COIN MACHINE,0,0,0,0,1,1,0,0,NA,NA,NA,NA,0,0,0,0,0,0
Fraud,"THEFT BY LESSEE, MOTOR VEHICLE",13,198,207,309,95,331,714,238,2276.9,2446.2,59.9,39,0.5,7.3,7.7,11.5,12.3,8.8
Fraud,"THEFT BY LESSEE, NON-MOTOR VEHICLE",0,4,9,15,6,19,28,9.3,NA,NA,111.1,104,0,0.1,0.3,0.6,0.7,0.3
Fraud,"THEFT BY LESSEE,MOTOR VEH",443,25,0,0,0,0,25,8.3,-100,-100,NA,-100,16.4,0.9,0,0,0,0.3
Fraud,"THEFT BY LESSEE,NON-VEH",11,0,0,0,0,0,0,0,-100,-100,NA,NA,0.4,0,0,0,0,0
Fraud,THEFT OF LABOR / SERVICES,6,246,366,384,323,573,996,332,6300,9450,56.6,73,0.2,9.1,13.6,14.2,21.2,12.3
Fraud,THEFT OF LABOR/SERVICES,933,101,0,0,0,0,101,33.7,-100,-100,NA,-100,34.6,3.7,0,0,0,1.2
Fraud,THEFT OF LOST / MISLAID PROPERTY,1,163,285,472,141,461,920,306.7,47100,46000,61.8,50,0,6,10.6,17.5,17.1,11.4
Fraud,THEFT OF LOST/MISLAID PROP,308,48,0,0,0,0,48,16,-100,-100,NA,-100,11.4,1.8,0,0,0,0.6
Fraud,UNAUTHORIZED VIDEOTAPING,37,28,36,40,15,44,104,34.7,8.1,18.9,22.2,27,1.4,1,1.3,1.5,1.6,1.3
Fraud,UNLAWFUL USE OF A COMPUTER,20,14,26,27,11,29,67,22.3,35,45,11.5,30,0.7,0.5,1,1,1.1,0.8
Gambling,ANIMAL FIGHTING,1,1,0,1,0,1,2,0.7,0,0,NA,43,0,0,0,0,0,0
Gambling,GAME / AMUSEMENT DEVICE,0,1,0,1,0,0,2,0.7,NA,NA,NA,-100,0,0,0,0,0,0
Gambling,GAME/AMUSEMENT DEVICE,4,0,0,0,0,0,0,0,-100,-100,NA,NA,0.1,0,0,0,0,0
Gambling,GAME/CARDS,3,0,1,0,0,0,1,0.3,-100,-100,-100,-100,0.1,0,0,0,0,0
Gambling,GAME/DICE,130,20,12,8,1,9,40,13.3,-93.8,-93.1,-25,-32,4.8,0.7,0.4,0.3,0.3,0.5
Gambling,OTHER,5,4,0,0,1,1,4,1.3,-100,-80,NA,-23,0.2,0.1,0,0,0,0
Human Trafficking,COMMERCIAL SEX ACTS,10,5,7,13,2,9,25,8.3,30,-10,28.6,8,0.4,0.2,0.3,0.5,0.3,0.3
Human Trafficking,INVOLUNTARY SERVITUDE,5,0,4,5,1,4,9,3,0,-20,0,33,0.2,0,0.1,0.2,0.1,0.1
Involuntary Manslaughter,INVOLUNTARY MANSLAUGHTER,2,0,0,1,0,1,1,0.3,-50,-50,NA,233,0.1,0,0,0,0,0
Involuntary Manslaughter,RECKLESS HOMICIDE,8,9,6,3,1,2,18,6,-62.5,-75,-66.7,-67,0.3,0.3,0.2,0.1,0.1,0.2
Liquor License,EMPLOY MINOR,1,0,0,0,0,0,0,0,-100,-100,NA,NA,0,0,0,0,0,0
Liquor License,ILLEGAL CONSUMPTION BY MINOR,16,10,5,3,2,4,18,6,-81.2,-75,-20,-33,0.6,0.4,0.2,0.1,0.1,0.2
Liquor License,ILLEGAL POSSESSION BY MINOR,19,6,3,3,1,4,12,4,-84.2,-78.9,33.3,0,0.7,0.2,0.1,0.1,0.1,0.1
Liquor License,LIQUOR LICENSE VIOLATION,143,89,169,178,31,165,436,145.3,24.5,15.4,-2.4,14,5.3,3.3,6.3,6.6,6.1,5.4
Liquor License,SELL / GIVE / DELIVER LIQUOR TO MINOR,0,21,7,19,25,44,47,15.7,NA,NA,528.6,180,0,0.8,0.3,0.7,1.6,0.6
Liquor License,SELL/GIVE/DEL LIQUOR TO MINOR,53,17,0,0,0,0,17,5.7,-100,-100,NA,-100,2,0.6,0,0,0,0.2
Misc Non-Index Offense,ABUSE / NEGLECT - CARE FACILITY,2,8,11,12,7,16,31,10.3,500,700,45.5,55,0.1,0.3,0.4,0.4,0.6,0.4
Misc Non-Index Offense,ABUSE/NEGLECT: CARE FACILITY,16,4,0,0,0,0,4,1.3,-100,-100,NA,-100,0.6,0.1,0,0,0,0
Misc Non-Index Offense,AGGRAVATED,15,7,6,10,3,9,23,7.7,-33.3,-40,50,17,0.6,0.3,0.2,0.4,0.3,0.3
Misc Non-Index Offense,ANIMAL ABUSE / NEGLECT,0,59,90,148,39,147,297,99,NA,NA,63.3,48,0,2.2,3.3,5.5,5.5,3.7
Misc Non-Index Offense,ANIMAL ABUSE/NEGLECT,161,34,0,0,0,0,34,11.3,-100,-100,NA,-100,6,1.3,0,0,0,0.4
Misc Non-Index Offense,ARMED VIOLENCE,0,0,1,2,0,2,3,1,NA,NA,100,100,0,0,0,0.1,0.1,0
Misc Non-Index Offense,ARSON THREAT,78,113,57,74,22,81,244,81.3,-5.1,3.8,42.1,-0,2.9,4.2,2.1,2.7,3,3
Misc Non-Index Offense,ARSONIST - ANNUAL REGISTRATION,2,1,4,2,1,2,7,2.3,0,0,-50,-13,0.1,0,0.1,0.1,0.1,0.1
Misc Non-Index Offense,ARSONIST - FAIL TO REGISTER NEW ADDRESS,1,0,0,2,0,1,2,0.7,100,0,NA,43,0,0,0,0.1,0,0
Misc Non-Index Offense,ARSONIST: ANNUAL REGISTRATION,3,2,0,0,0,0,2,0.7,-100,-100,NA,-100,0.1,0.1,0,0,0,0
Misc Non-Index Offense,BOARD PLANE WITH WEAPON,8,8,27,20,5,19,55,18.3,150,137.5,-29.6,4,0.3,0.3,1,0.7,0.7,0.7
Misc Non-Index Offense,BOMB THREAT,129,82,99,110,44,109,291,97,-14.7,-15.5,10.1,12,4.8,3,3.7,4.1,4,3.6
Misc Non-Index Offense,BRIBERY,3,1,0,0,0,0,1,0.3,-100,-100,NA,-100,0.1,0,0,0,0,0
Misc Non-Index Offense,CHILD ABANDONMENT,38,36,37,30,14,39,103,34.3,-21.1,2.6,5.4,14,1.4,1.3,1.4,1.1,1.4,1.3
Misc Non-Index Offense,COMPELLING CONFESSION,1,0,0,0,0,0,0,0,-100,-100,NA,NA,0,0,0,0,0,0
Misc Non-Index Offense,COMPOUNDING A CRIME,0,0,1,1,1,1,2,0.7,NA,NA,0,43,0,0,0,0,0,0
Misc Non-Index Offense,CONTRIBUTE CRIM DELINQUENCY JUVENILE,6,1,0,0,0,0,1,0.3,-100,-100,NA,-100,0.2,0,0,0,0,0
Misc Non-Index Offense,CONTRIBUTE TO THE CRIMINAL DELINQUENCY OF CHILD,1,4,1,1,3,4,6,2,0,300,300,100,0,0.1,0,0,0.1,0.1
Misc Non-Index Offense,DISCLOSE DOMESTIC VIOLENCE VICTIM LOCATION,0,0,1,0,0,0,1,0.3,NA,NA,-100,-100,0,0,0,0,0,0
Misc Non-Index Offense,EAVESDROPPING,7,5,5,2,1,2,12,4,-71.4,-71.4,-60,-50,0.3,0.2,0.2,0.1,0.1,0.1
Misc Non-Index Offense,EDUCATIONAL INTIMIDAITON,2,0,1,1,0,1,2,0.7,-50,-50,0,43,0.1,0,0,0,0,0
Misc Non-Index Offense,ENDANGERING LIFE / HEALTH OF CHILD,10,255,264,297,83,286,816,272,2870,2760,8.3,5,0.4,9.5,9.8,11,10.6,10.1
Misc Non-Index Offense,ENDANGERING LIFE/HEALTH CHILD,374,35,0,0,0,0,35,11.7,-100,-100,NA,-100,13.9,1.3,0,0,0,0.4
Misc Non-Index Offense,EXTORTION,67,107,69,84,67,127,260,86.7,25.4,89.6,84.1,46,2.5,4,2.6,3.1,4.7,3.2
Misc Non-Index Offense,FALSE / STOLEN / ALTERED TRP,0,213,359,804,333,933,1376,458.7,NA,NA,159.9,103,0,7.9,13.3,29.8,34.6,17
Misc Non-Index Offense,FALSE/STOLEN/ALTERED TRP,919,146,0,0,0,0,146,48.7,-100,-100,NA,-100,34.1,5.4,0,0,0,1.8
Misc Non-Index Offense,FOID - REVOCATION,1,0,0,0,0,0,0,0,-100,-100,NA,NA,0,0,0,0,0,0
Misc Non-Index Offense,FORCIBLE DETENTION,1,2,3,0,1,1,5,1.7,-100,0,-66.7,-41,0,0.1,0.1,0,0,0.1
Misc Non-Index Offense,FORFEIT PROPERTY,106,83,49,12,2,9,144,48,-88.7,-91.5,-81.6,-81,3.9,3.1,1.8,0.4,0.3,1.8
Misc Non-Index Offense,FOUND SUSPECT NARCOTICS,1051,759,657,451,141,437,1867,622.3,-57.1,-58.4,-33.5,-30,39,28.1,24.4,16.7,16.2,23.1
Misc Non-Index Offense,GUN OFFENDER - ANNUAL REGISTRATION,0,128,182,217,114,256,527,175.7,NA,NA,40.7,46,0,4.7,6.7,8,9.5,6.5
Misc Non-Index Offense,GUN OFFENDER - DUTY TO REGISTER,0,30,100,115,50,140,245,81.7,NA,NA,40,71,0,1.1,3.7,4.3,5.2,3
Misc Non-Index Offense,GUN OFFENDER - DUTY TO REPORT CHANGE OF INFORMATION,0,21,11,18,8,20,50,16.7,NA,NA,81.8,20,0,0.8,0.4,0.7,0.7,0.6
Misc Non-Index Offense,GUN OFFENDER: ANNUAL REGISTRATION,497,102,0,0,0,0,102,34,-100,-100,NA,-100,18.4,3.8,0,0,0,1.3
Misc Non-Index Offense,GUN OFFENDER: DUTY TO REGISTER,150,33,0,0,0,0,33,11,-100,-100,NA,-100,5.6,1.2,0,0,0,0.4
Misc Non-Index Offense,GUN OFFENDER: DUTY TO REPORT CHANGE OF INFORMATION,210,39,0,0,0,0,39,13,-100,-100,NA,-100,7.8,1.4,0,0,0,0.5
Misc Non-Index Offense,HARASSMENT BY ELECTRONIC MEANS,2686,2155,2350,2307,812,2300,6812,2270.7,-14.1,-14.4,-2.1,1,99.6,79.9,87.1,85.6,85.3,84.2
Misc Non-Index Offense,HARASSMENT BY TELEPHONE,2553,2056,2395,2463,831,2400,6914,2304.7,-3.5,-6,0.2,4,94.7,76.2,88.8,91.3,89,85.5
Misc Non-Index Offense,HAZARDOUS MATERIALS VIOLATION,3,2,0,0,0,0,2,0.7,-100,-100,NA,-100,0.1,0.1,0,0,0,0
Misc Non-Index Offense,INTERFERE W/ EMERGENCY EQUIP,1,0,0,0,0,0,0,0,-100,-100,NA,NA,0,0,0,0,0,0
Misc Non-Index Offense,INTERFERE WITH EMERGENCY EQUIPMENT,0,4,2,0,0,0,6,2,NA,NA,-100,-100,0,0.1,0.1,0,0,0.1
Misc Non-Index Offense,INTERFERENCE JUDICIAL PROCESS,7,3,12,9,4,12,24,8,28.6,71.4,0,50,0.3,0.1,0.4,0.3,0.4,0.3
Misc Non-Index Offense,INTIMIDATION,92,54,50,92,27,94,196,65.3,0,2.2,88,44,3.4,2,1.9,3.4,3.5,2.4
Misc Non-Index Offense,KIDNAPPING,16,13,12,20,4,23,45,15,25,43.8,91.7,53,0.6,0.5,0.4,0.7,0.9,0.6
Misc Non-Index Offense,LICENSE VIOLATION,345,319,429,374,147,388,1122,374,8.4,12.5,-9.6,4,12.8,11.8,15.9,13.9,14.4,13.9
Misc Non-Index Offense,LOOTING,0,397,0,0,0,0,397,132.3,NA,NA,NA,-100,0,14.7,0,0,0,4.9
Misc Non-Index Offense,MONEY LAUNDERING,2,1,5,0,3,3,6,2,-100,50,-40,50,0.1,0,0.2,0,0.1,0.1
Misc Non-Index Offense,OFFICIAL MISCONDUCT,4,3,0,0,2,2,3,1,-100,-50,NA,100,0.1,0.1,0,0,0.1,0
Misc Non-Index Offense,OTHER ARSON / EXPLOSIVE INCIDENT,0,8,8,4,1,5,20,6.7,NA,NA,-37.5,-25,0,0.3,0.3,0.1,0.2,0.2
Misc Non-Index Offense,OTHER ARSON/EXPLOSIVE INCIDENT,8,1,0,0,0,0,1,0.3,-100,-100,NA,-100,0.3,0,0,0,0,0
Misc Non-Index Offense,OTHER CRIME AGAINST PERSON,506,421,425,424,134,418,1270,423.3,-16.2,-17.4,-1.6,-1,18.8,15.6,15.8,15.7,15.5,15.7
Misc Non-Index Offense,OTHER CRIME INVOLVING PROPERTY,275,264,218,221,57,202,703,234.3,-19.6,-26.5,-7.3,-14,10.2,9.8,8.1,8.2,7.5,8.7
Misc Non-Index Offense,OTHER OFFENSE,341,419,396,335,82,329,1150,383.3,-1.8,-3.5,-16.9,-14,12.6,15.5,14.7,12.4,12.2,14.2
Misc Non-Index Offense,OTHER VEHICLE OFFENSE,1268,1078,1105,873,261,823,3056,1018.7,-31.2,-35.1,-25.5,-19,47,40,41,32.4,30.5,37.8
Misc Non-Index Offense,OTHER VIOLATION,116,68,72,87,29,97,227,75.7,-25,-16.4,34.7,28,4.3,2.5,2.7,3.2,3.6,2.8
Misc Non-Index Offense,OTHER WEAPONS VIOLATION,139,102,45,57,16,56,204,68,-59,-59.7,24.4,-18,5.2,3.8,1.7,2.1,2.1,2.5
Misc Non-Index Offense,PAROLE VIOLATION,17,6,2,1,0,1,9,3,-94.1,-94.1,-50,-67,0.6,0.2,0.1,0,0,0.1
Misc Non-Index Offense,POSSESSION OF BURGLARY TOOLS,9,4,4,9,0,8,17,5.7,0,-11.1,100,40,0.3,0.1,0.1,0.3,0.3,0.2
Misc Non-Index Offense,PROBATION VIOLATION,5,1,2,0,1,1,3,1,-100,-80,-50,0,0.2,0,0.1,0,0,0
Misc Non-Index Offense,PUBLIC DEMONSTRATION,8,6,2,2,0,2,10,3.3,-75,-75,0,-39,0.3,0.2,0.1,0.1,0.1,0.1
Misc Non-Index Offense,SALE / DELIVER - DRUG PARAPHERNALIA,1,1,5,4,3,5,10,3.3,300,400,0,52,0,0,0.2,0.1,0.2,0.1
Misc Non-Index Offense,SALE OF TOBACCO PRODUCTS TO MINOR,0,1,2,0,0,0,3,1,NA,NA,-100,-100,0,0,0.1,0,0,0
Misc Non-Index Offense,SALE TOBACCO PRODUCTS TO MINOR,3,1,0,0,0,0,1,0.3,-100,-100,NA,-100,0.1,0,0,0,0,0
Misc Non-Index Offense,SALE/DEL DRUG PARAPHERNALIA,2,0,0,0,0,0,0,0,-100,-100,NA,NA,0.1,0,0,0,0,0
Misc Non-Index Offense,SELL / ADVERTISE FIREWORKS,0,0,2,3,0,3,5,1.7,NA,NA,50,76,0,0,0.1,0.1,0.1,0.1
Misc Non-Index Offense,SEX OFFENDER - FAIL TO REGISTER,8,92,191,98,58,119,381,127,1125,1387.5,-37.7,-6,0.3,3.4,7.1,3.6,4.4,4.7
Misc Non-Index Offense,SEX OFFENDER - FAIL TO REGISTER NEW ADDRESS,6,25,207,16,147,161,248,82.7,166.7,2583.3,-22.2,95,0.2,0.9,7.7,0.6,6,3.1
Misc Non-Index Offense,SEX OFFENDER: FAIL REG NEW ADD,179,21,0,0,0,0,21,7,-100,-100,NA,-100,6.6,0.8,0,0,0,0.3
Misc Non-Index Offense,SEX OFFENDER: FAIL TO REGISTER,337,47,0,0,0,0,47,15.7,-100,-100,NA,-100,12.5,1.7,0,0,0,0.6
Misc Non-Index Offense,SEX OFFENDER: PROHIBITED ZONE,3,0,0,0,0,0,0,0,-100,-100,NA,NA,0.1,0,0,0,0,0
Misc Non-Index Offense,SOLICIT NARCOTICS ON PUBLIC WAY,0,134,71,144,62,122,349,116.3,NA,NA,71.8,5,0,5,2.6,5.3,4.5,4.3
Misc Non-Index Offense,SOLICIT NARCOTICS ON PUBLICWAY,678,137,0,0,0,0,137,45.7,-100,-100,NA,-100,25.1,5.1,0,0,0,1.7
Misc Non-Index Offense,TAMPER WITH MOTOR VEHICLE,22,19,17,17,7,18,53,17.7,-22.7,-18.2,5.9,2,0.8,0.7,0.6,0.6,0.7,0.7
Misc Non-Index Offense,TELEPHONE THREAT,3569,3044,3714,3551,1197,3499,10309,3436.3,-0.5,-2,-5.8,2,132.4,112.9,137.7,131.7,129.8,127.4
Misc Non-Index Offense,TO AIRPORT,33,22,26,20,8,18,68,22.7,-39.4,-45.5,-30.8,-21,1.2,0.8,1,0.7,0.7,0.8
Misc Non-Index Offense,TO LAND,4125,2226,1849,2352,914,2532,6427,2142.3,-43,-38.6,36.9,18,153,82.5,68.6,87.2,93.9,79.4
Misc Non-Index Offense,TO RESIDENCE,1348,1059,890,1020,359,1096,2969,989.7,-24.3,-18.7,23.1,11,50,39.3,33,37.8,40.6,36.7
Misc Non-Index Offense,TO STATE SUP LAND,458,229,147,248,98,242,624,208,-45.9,-47.2,64.6,16,17,8.5,5.5,9.2,9,7.7
Misc Non-Index Offense,TO VEHICLE,854,641,494,574,189,606,1709,569.7,-32.8,-29,22.7,6,31.7,23.8,18.3,21.3,22.5,21.1
Misc Non-Index Offense,UNLAWFUL INTERFERE/VISITATION,33,6,0,0,0,0,6,2,-100,-100,NA,-100,1.2,0.2,0,0,0,0.1
Misc Non-Index Offense,UNLAWFUL RESTRAINT,44,41,28,30,8,31,99,33,-31.8,-29.5,10.7,-6,1.6,1.5,1,1.1,1.1,1.2
Misc Non-Index Offense,UNLAWFUL USE OF BODY ARMOR,1,0,0,0,0,0,0,0,-100,-100,NA,NA,0,0,0,0,0,0
Misc Non-Index Offense,UNLAWFUL VISITATION INTERFERENCE,0,24,14,22,9,26,60,20,NA,NA,85.7,30,0,0.9,0.5,0.8,1,0.7
Misc Non-Index Offense,VEHICLE TITLE / REGISTRATION OFFENSE,3,190,274,473,143,355,937,312.3,15666.7,11733.3,29.6,14,0.1,7,10.2,17.5,13.2,11.6
Misc Non-Index Offense,VEHICLE TITLE/REG OFFENSE,777,176,0,0,0,0,176,58.7,-100,-100,NA,-100,28.8,6.5,0,0,0,2.2
Misc Non-Index Offense,VIO BAIL BOND: DOM VIOLENCE,18,9,0,0,0,0,9,3,-100,-100,NA,-100,0.7,0.3,0,0,0,0.1
Misc Non-Index Offense,VIOLATE ORDER OF PROTECTION,1819,1481,1451,1785,560,1805,4717,1572.3,-1.9,-0.8,24.4,15,67.5,54.9,53.8,66.2,66.9,58.3
Misc Non-Index Offense,VIOLATION GPS MONITORING DEVICE,23,33,41,89,19,86,163,54.3,287,273.9,109.8,58,0.9,1.2,1.5,3.3,3.2,2
Misc Non-Index Offense,VIOLATION OF BAIL BOND - DOMESTIC VIOLENCE,0,24,13,29,2,21,66,22,NA,NA,61.5,-5,0,0.9,0.5,1.1,0.8,0.8
Misc Non-Index Offense,VIOLATION OF CIVIL NO CONTACT ORDER,116,82,146,127,49,137,355,118.3,9.5,18.1,-6.2,16,4.3,3,5.4,4.7,5.1,4.4
Misc Non-Index Offense,VIOLATION OF SMOKING BAN,3,2,1,1,1,2,4,1.3,-66.7,-33.3,100,54,0.1,0.1,0,0,0.1,0
Misc Non-Index Offense,VIOLATION OF STALKING NO CONTACT ORDER,32,21,98,88,41,111,207,69,175,246.9,13.3,61,1.2,0.8,3.6,3.3,4.1,2.6
Misc Non-Index Offense,VIOLATION OF SUMMARY CLOSURE,2,4,3,4,2,4,11,3.7,100,100,33.3,8,0.1,0.1,0.1,0.1,0.1,0.1
Misc Non-Index Offense,VIOLENT OFFENDER - ANNUAL REGISTRATION,1,26,27,29,13,37,82,27.3,2800,3600,37,36,0,1,1,1.1,1.4,1
Misc Non-Index Offense,VIOLENT OFFENDER - DUTY TO REGISTER,1,5,12,17,8,19,34,11.3,1600,1800,58.3,68,0,0.2,0.4,0.6,0.7,0.4
Misc Non-Index Offense,VIOLENT OFFENDER - FAIL TO REGISTER NEW ADDRESS,0,3,6,5,3,6,14,4.7,NA,NA,0,28,0,0.1,0.2,0.2,0.2,0.2
Misc Non-Index Offense,VIOLENT OFFENDER: ANNUAL REGISTRATION,49,17,0,0,0,0,17,5.7,-100,-100,NA,-100,1.8,0.6,0,0,0,0.2
Misc Non-Index Offense,VIOLENT OFFENDER: DUTY TO REGISTER,28,6,0,0,0,0,6,2,-100,-100,NA,-100,1,0.2,0,0,0,0.1
Misc Non-Index Offense,VIOLENT OFFENDER: FAIL TO REGISTER NEW ADDRESS,17,2,0,0,0,0,2,0.7,-100,-100,NA,-100,0.6,0.1,0,0,0,0
Motor Vehicle Theft,ATT: AUTOMOBILE,198,20,0,0,0,0,20,6.7,-100,-100,NA,-100,7.3,0.7,0,0,0,0.2
Motor Vehicle Theft,"ATT: TRUCK, BUS, MOTOR HOME",6,1,0,0,0,0,1,0.3,-100,-100,NA,-100,0.2,0,0,0,0,0
Motor Vehicle Theft,ATTEMPT - AUTOMOBILE,1,127,127,2332,1562,3847,2586,862,233100,384600,2929.1,346,0,4.7,4.7,86.5,142.7,32
Motor Vehicle Theft,"ATTEMPT - CYCLE, SCOOTER, BIKE NO VIN",0,0,1,1,0,1,2,0.7,NA,NA,0,43,0,0,0,0,0,0
Motor Vehicle Theft,"ATTEMPT - CYCLE, SCOOTER, BIKE WITH VIN",0,3,2,10,4,14,15,5,NA,NA,600,180,0,0.1,0.1,0.4,0.5,0.2
Motor Vehicle Theft,"ATTEMPT - TRUCK, BUS, MOTOR HOME",0,1,4,16,11,25,21,7,NA,NA,525,257,0,0,0.1,0.6,0.9,0.3
Motor Vehicle Theft,"ATTEMPT: CYCLE, SCOOTER, BIKE NO VIN",1,0,0,0,0,0,0,0,-100,-100,NA,NA,0,0,0,0,0,0
Motor Vehicle Theft,"ATTEMPT: CYCLE, SCOOTER, BIKE W-VIN",5,0,0,0,0,0,0,0,-100,-100,NA,NA,0.2,0,0,0,0,0
Motor Vehicle Theft,AUTOMOBILE,7823,8798,9651,17085,7020,20251,35534,11844.7,118.4,158.9,109.8,71,290.1,326.3,357.9,633.6,751,439.3
Motor Vehicle Theft,"CYCLE, SCOOTER, BIKE NO VIN",8,17,24,50,9,57,91,30.3,525,612.5,137.5,88,0.3,0.6,0.9,1.9,2.1,1.1
Motor Vehicle Theft,"CYCLE, SCOOTER, BIKE W-VIN",161,3,0,0,0,0,3,1,-100,-100,NA,-100,6,0.1,0,0,0,0
Motor Vehicle Theft,"CYCLE, SCOOTER, BIKE WITH VIN",11,247,174,270,76,329,691,230.3,2354.5,2890.9,89.1,43,0.4,9.2,6.5,10,12.2,8.5
Motor Vehicle Theft,THEFT / RECOVERY - AUTOMOBILE,6,511,519,1463,859,2111,2493,831,24283.3,35083.3,306.7,154,0.2,19,19.2,54.3,78.3,30.8
Motor Vehicle Theft,"THEFT / RECOVERY - CYCLE, SCOOTER, BIKE NO VIN",0,0,0,4,0,4,4,1.3,NA,NA,NA,208,0,0,0,0.1,0.1,0
Motor Vehicle Theft,"THEFT / RECOVERY - CYCLE, SCOOTER, BIKE WITH VIN",1,14,2,12,2,14,28,9.3,1100,1300,600,51,0,0.5,0.1,0.4,0.5,0.3
Motor Vehicle Theft,"THEFT / RECOVERY - TRUCK, BUS, MOBILE HOME",1,21,18,19,8,20,58,19.3,1800,1900,11.1,4,0,0.8,0.7,0.7,0.7,0.7
Motor Vehicle Theft,THEFT/RECOVERY: AUTOMOBILE,589,86,0,0,0,0,86,28.7,-100,-100,NA,-100,21.8,3.2,0,0,0,1.1
Motor Vehicle Theft,"THEFT/RECOVERY: CYCLE, SCOOTER, BIKE NO VIN",1,0,0,0,0,0,0,0,-100,-100,NA,NA,0,0,0,0,0,0
Motor Vehicle Theft,"THEFT/RECOVERY: TRUCK,BUS,MHOME",25,3,0,0,0,0,3,1,-100,-100,NA,-100,0.9,0.1,0,0,0,0
Motor Vehicle Theft,"TRUCK, BUS, MOTOR HOME",141,103,71,112,41,117,286,95.3,-20.6,-17,64.8,23,5.2,3.8,2.6,4.2,4.3,3.5
Murder,FIRST DEGREE MURDER,498,787,803,708,169,688,2298,766,42.2,38.2,-14.3,-10,18.5,29.2,29.8,26.3,25.5,28.4
Murder,SECOND DEGREE MURDER,0,0,0,1,0,0,1,0.3,NA,NA,NA,-100,0,0,0,0,0,0
Offenses Against Family,AGG CRIM SEX ABUSE FAM MEMBER,177,5,0,0,0,0,5,1.7,-100,-100,NA,-100,6.6,0.2,0,0,0,0.1
Offenses Against Family,AGGRAVATED CRIMINAL SEXUAL ABUSE BY FAMILY MEMBER,117,217,189,207,98,242,613,204.3,76.9,106.8,28,18,4.3,8,7,7.7,9,7.6
Offenses Against Family,CHILD ABDUCTION,69,76,70,50,17,49,196,65.3,-27.5,-29,-30,-25,2.6,2.8,2.6,1.9,1.8,2.4
Offenses Against Family,CHILD ABDUCTION / STRANGER,2,20,23,34,7,34,77,25.7,1600,1600,47.8,32,0.1,0.7,0.9,1.3,1.3,1
Offenses Against Family,CHILD ABDUCTION/STRANGER,62,6,0,0,0,0,6,2,-100,-100,NA,-100,2.3,0.2,0,0,0,0.1
Offenses Against Family,CHILD ABUSE,746,476,513,542,219,568,1531,510.3,-27.3,-23.9,10.7,11,27.7,17.7,19,20.1,21.1,18.9
Offenses Against Family,CONTRIBUTE DELINQUENCY OF A CHILD,10,0,0,0,0,0,0,0,-100,-100,NA,NA,0.4,0,0,0,0,0
Offenses Against Family,CONTRIBUTE TO THE DELINQUENCY OF CHILD,0,8,8,4,2,4,20,6.7,NA,NA,-50,-40,0,0.3,0.3,0.1,0.1,0.2
Offenses Against Family,CRIM SEX ABUSE BY FAM MEMBER,59,2,0,0,0,0,2,0.7,-100,-100,NA,-100,2.2,0.1,0,0,0,0
Offenses Against Family,CRIMINAL SEXUAL ABUSE BY FAMILY MEMBER,43,74,100,124,43,112,298,99.3,188.4,160.5,12,13,1.6,2.7,3.7,4.6,4.2,3.7
Offenses Against Family,HARBOR RUNAWAY,8,5,2,4,2,4,11,3.7,-50,-50,100,8,0.3,0.2,0.1,0.1,0.1,0.1
Prostitution,CALL OPERATION,0,0,0,2,0,1,2,0.7,NA,NA,NA,43,0,0,0,0.1,0,0
Prostitution,IN TAVERN,0,1,0,0,0,0,1,0.3,NA,NA,NA,-100,0,0,0,0,0,0
Prostitution,OTHER PROSTITUTION OFFENSE,10,5,0,1,0,0,6,2,-90,-100,NA,-100,0.4,0.2,0,0,0,0.1
Prostitution,PANDERING,1,2,0,0,0,0,2,0.7,-100,-100,NA,-100,0,0.1,0,0,0,0
Prostitution,PATRONIZING A PROSTITUTE,1,0,0,0,0,0,0,0,-100,-100,NA,NA,0,0,0,0,0,0
Prostitution,PIMPING,1,1,0,0,0,0,1,0.3,-100,-100,NA,-100,0,0,0,0,0,0
Prostitution,POS: PORNOGRAPHIC PRINT,14,4,0,0,0,0,4,1.3,-100,-100,NA,-100,0.5,0.1,0,0,0,0
Prostitution,POSSESSION OF PORNOGRAPHIC PRINT,3,3,8,5,0,3,16,5.3,66.7,0,-62.5,-43,0.1,0.1,0.3,0.2,0.1,0.2
Prostitution,SEXUAL EXPLOITATION OF A CHILD,65,56,70,62,15,58,188,62.7,-4.6,-10.8,-17.1,-7,2.4,2.1,2.6,2.3,2.2,2.3
Prostitution,SOLICIT FOR BUSINESS,54,1,0,0,0,0,1,0.3,-100,-100,NA,-100,2,0,0,0,0,0
Prostitution,SOLICIT FOR PROSTITUTE,28,3,0,0,0,0,3,1,-100,-100,NA,-100,1,0.1,0,0,0,0
Prostitution,SOLICIT OFF PUBLIC WAY,6,5,0,2,0,1,7,2.3,-66.7,-83.3,NA,-57,0.2,0.2,0,0.1,0,0.1
Prostitution,SOLICIT ON PUBLIC WAY,580,254,91,264,89,259,609,203,-54.5,-55.3,184.6,28,21.5,9.4,3.4,9.8,9.6,7.5
Prostitution,SOLICITING FOR A PROSTITUTE,0,3,2,2,1,2,7,2.3,NA,NA,0,-13,0,0.1,0.1,0.1,0.1,0.1
Prostitution,SOLICITING FOR BUSINESS,0,2,2,12,0,11,16,5.3,NA,NA,450,108,0,0.1,0.1,0.4,0.4,0.2
Robbery,AGGRAVATED,452,401,343,446,144,462,1190,396.7,-1.3,2.2,34.7,16,16.8,14.9,12.7,16.5,17.1,14.7
Robbery,AGGRAVATED VEHICULAR HIJACKING,418,932,1346,1248,325,1154,3526,1175.3,198.6,176.1,-14.3,-2,15.5,34.6,49.9,46.3,42.8,43.6
Robbery,ARMED - HANDGUN,134,2281,2605,3566,1338,3999,8452,2817.3,2561.2,2884.3,53.5,42,5,84.6,96.6,132.2,148.3,104.5
Robbery,ARMED - KNIFE / CUTTING INSTRUMENT,12,276,301,346,109,338,923,307.7,2783.3,2716.7,12.3,10,0.4,10.2,11.2,12.8,12.5,11.4
Robbery,ARMED - OTHER DANGEROUS WEAPON,12,245,240,218,71,231,703,234.3,1716.7,1825,-3.8,-1,0.4,9.1,8.9,8.1,8.6,8.7
Robbery,ARMED - OTHER FIREARM,5,37,38,69,31,83,144,48,1280,1560,118.4,73,0.2,1.4,1.4,2.6,3.1,1.8
Robbery,ARMED: HANDGUN,2509,319,0,0,0,0,319,106.3,-100,-100,NA,-100,93,11.8,0,0,0,3.9
Robbery,ARMED: OTHER DANGEROUS WEAPON,316,37,0,0,0,0,37,12.3,-100,-100,NA,-100,11.7,1.4,0,0,0,0.5
Robbery,ARMED: OTHER FIREARM,40,14,0,0,0,0,14,4.7,-100,-100,NA,-100,1.5,0.5,0,0,0,0.2
Robbery,ARMED:KNIFE/CUTTING INSTRUMENT,354,48,0,0,0,0,48,16,-100,-100,NA,-100,13.1,1.8,0,0,0,0.6
Robbery,ATTEMPT AGGRAVATED,3,38,61,68,23,72,167,55.7,2166.7,2300,18,29,0.1,1.4,2.3,2.5,2.7,2.1
Robbery,ATTEMPT ARMED - HANDGUN,15,253,344,349,125,381,946,315.3,2226.7,2440,10.8,21,0.6,9.4,12.8,12.9,14.1,11.7
Robbery,ATTEMPT ARMED - KNIFE / CUTTING INSTRUMENT,4,60,57,51,17,52,168,56,1175,1200,-8.8,-7,0.1,2.2,2.1,1.9,1.9,2.1
Robbery,ATTEMPT ARMED - OTHER DANGEROUS WEAPON,3,35,38,42,16,44,115,38.3,1300,1366.7,15.8,15,0.1,1.3,1.4,1.6,1.6,1.4
Robbery,ATTEMPT ARMED - OTHER FIREARM,0,13,12,17,6,20,42,14,NA,NA,66.7,43,0,0.5,0.4,0.6,0.7,0.5
Robbery,ATTEMPT ARMED: HANDGUN,0,1,0,0,0,0,1,0.3,NA,NA,NA,-100,0,0,0,0,0,0
Robbery,ATTEMPT STRONG ARM - NO WEAPON,8,206,234,263,70,245,703,234.3,3187.5,2962.5,4.7,5,0.3,7.6,8.7,9.8,9.1,8.7
Robbery,ATTEMPT STRONG ARM: NO WEAPON,0,1,0,0,0,0,1,0.3,NA,NA,NA,-100,0,0,0,0,0,0
Robbery,ATTEMPT: AGGRAVATED,54,5,0,0,0,0,5,1.7,-100,-100,NA,-100,2,0.2,0,0,0,0.1
Robbery,ATTEMPT: ARMED-HANDGUN,224,29,0,0,0,0,29,9.7,-100,-100,NA,-100,8.3,1.1,0,0,0,0.4
Robbery,ATTEMPT: ARMED-KNIFE/CUT INSTR,75,8,0,0,0,0,8,2.7,-100,-100,NA,-100,2.8,0.3,0,0,0,0.1
Robbery,ATTEMPT: ARMED-OTHER DANG WEAP,52,4,0,0,0,0,4,1.3,-100,-100,NA,-100,1.9,0.1,0,0,0,0
Robbery,ATTEMPT: ARMED-OTHER FIREARM,6,3,0,0,0,0,3,1,-100,-100,NA,-100,0.2,0.1,0,0,0,0
Robbery,ATTEMPT: STRONGARM-NO WEAPON,315,37,0,0,0,0,37,12.3,-100,-100,NA,-100,11.7,1.4,0,0,0,0.5
Robbery,STRONG ARM - NO WEAPON,54,1821,1797,1878,576,1953,5496,1832,3377.8,3516.7,8.7,7,2,67.5,66.6,69.6,72.4,67.9
Robbery,STRONGARM - NO WEAPON,2744,266,0,0,0,0,266,88.7,-100,-100,NA,-100,101.8,9.9,0,0,0,3.3
Robbery,STRONGARM: NO WEAPON,0,4,0,0,0,0,4,1.3,NA,NA,NA,-100,0,0.1,0,0,0,0
Robbery,VEHICULAR HIJACKING,185,481,503,407,86,361,1391,463.7,120,95.1,-28.2,-22,6.9,17.8,18.7,15.1,13.4,17.2
Simple Assault,AGG PO HANDS NO/MIN INJURY,258,44,0,0,0,0,44,14.7,-100,-100,NA,-100,9.6,1.6,0,0,0,0.5
Simple Assault,AGGRAVATED,3,5,3,1,0,1,9,3,-66.7,-66.7,-66.7,-67,0.1,0.2,0.1,0,0,0.1
Simple Assault,"AGGRAVATED POLICE OFFICER - HANDS, FISTS, FEET, NO INJURY",0,125,94,93,34,103,312,104,NA,NA,9.6,-1,0,4.6,3.5,3.4,3.8,3.9
Simple Assault,CYBERSTALKING,19,30,32,42,10,41,104,34.7,121.1,115.8,28.1,18,0.7,1.1,1.2,1.6,1.5,1.3
Simple Assault,INTIMIDATION OF LAW ENFORCEMENT OFFICIAL,1,2,1,0,0,0,3,1,-100,-100,-100,-100,0,0.1,0,0,0,0
Simple Assault,PRO EMP HANDS NO/MIN INJURY,630,125,0,0,0,0,125,41.7,-100,-100,NA,-100,23.4,4.6,0,0,0,1.5
Simple Assault,"PROTECTED EMPLOYEE - HANDS, FISTS, FEET, NO / MINOR INJURY",0,185,253,227,104,248,665,221.7,NA,NA,-2,12,0,6.9,9.4,8.4,9.2,8.2
Simple Assault,SIMPLE,14063,11658,12981,13452,4521,14046,38091,12697,-4.3,-0.1,8.2,11,521.5,432.3,481.4,498.9,520.9,470.9
Simple Battery,AGG PO HANDS NO/MIN INJURY,709,87,0,0,0,0,87,29,-100,-100,NA,-100,26.3,3.2,0,0,0,1.1
Simple Battery,AGG: HANDS/FIST/FEET NO/MINOR INJURY,171,23,0,0,0,0,23,7.7,-100,-100,NA,-100,6.3,0.9,0,0,0,0.3
Simple Battery,"AGGRAVATED - HANDS, FISTS, FEET, NO / MINOR INJURY",1,129,160,211,79,229,500,166.7,21000,22800,43.1,37,0,4.8,5.9,7.8,8.5,6.2
Simple Battery,AGGRAVATED OF A UNBORN CHILD,5,0,0,0,0,0,0,0,-100,-100,NA,NA,0.2,0,0,0,0,0
Simple Battery,AGGRAVATED OF AN UNBORN CHILD,0,10,10,4,3,7,24,8,NA,NA,-30,-12,0,0.4,0.4,0.1,0.3,0.3
Simple Battery,"AGGRAVATED P.O. - HANDS, FISTS, FEET, NO / MINOR INJURY",4,515,374,436,148,462,1325,441.7,10800,11450,23.5,5,0.1,19.1,13.9,16.2,17.1,16.4
Simple Battery,AGGRAVATED: HANDS / FIST / FEET NO / MINOR INJURY,0,1,0,0,0,0,1,0.3,NA,NA,NA,-100,0,0,0,0,0,0
Simple Battery,DOMESTIC BATTERY SIMPLE,23602,20683,19614,18618,6080,18746,58915,19638.3,-21.1,-20.6,-4.4,-5,875.3,767,727.4,690.4,695.2,728.3
Simple Battery,OF AN UNBORN CHILD,0,3,6,6,2,7,15,5,NA,NA,16.7,40,0,0.1,0.2,0.2,0.3,0.2
Simple Battery,OF UNBORN CHILD,10,0,0,0,0,0,0,0,-100,-100,NA,NA,0.4,0,0,0,0,0
Simple Battery,PRO EMP HANDS NO/MIN INJURY,702,126,0,0,0,0,126,42,-100,-100,NA,-100,26,4.7,0,0,0,1.6
Simple Battery,"PROTECTED EMPLOYEE - HANDS, FISTS, FEET, NO / MINOR INJURY",2,249,351,396,143,385,996,332,19700,19150,9.7,16,0.1,9.2,13,14.7,14.3,12.3
Simple Battery,PROTECTED EMPLOYEE: HANDS NO / MIN INJURY,0,1,0,0,0,0,1,0.3,NA,NA,NA,-100,0,0,0,0,0,0
Simple Battery,SIMPLE,16452,11370,11596,13652,4504,14110,36618,12206,-17,-14.2,21.7,16,610.1,421.6,430,506.3,523.3,452.7
Stolen Property,STOLEN PROP: BUY/RECEIVE/POS.,41,5,0,0,0,0,5,1.7,-100,-100,NA,-100,1.5,0.2,0,0,0,0.1
Stolen Property,STOLEN PROPERTY BUY / RECEIVE / POSSESS,2,54,25,70,21,67,149,49.7,3400,3250,168,35,0.1,2,0.9,2.6,2.5,1.8
Theft,$500 AND UNDER,23171,17703,16016,18688,5354,18800,52407,17469,-19.3,-18.9,17.4,8,859.3,656.5,593.9,693,697.2,647.8
Theft,ATTEMPT THEFT,429,288,240,363,111,387,891,297,-15.4,-9.8,61.2,30,15.9,10.7,8.9,13.5,14.4,11
Theft,DELIVERY CONTAINER THEFT,38,27,20,25,16,37,72,24,-34.2,-2.6,85,54,1.4,1,0.7,0.9,1.4,0.9
Theft,FROM BUILDING,10487,5130,3875,4706,1923,5212,13711,4570.3,-55.1,-50.3,34.5,14,388.9,190.2,143.7,174.5,193.3,169.5
Theft,FROM COIN-OP MACHINE/DEVICE,21,3,0,0,0,0,3,1,-100,-100,NA,-100,0.8,0.1,0,0,0,0
Theft,FROM COIN-OPERATED MACHINE OR DEVICE,1,13,4,20,3,16,37,12.3,1900,1500,300,30,0,0.5,0.1,0.7,0.6,0.5
Theft,POCKET-PICKING,2366,740,1130,1619,390,1668,3489,1163,-31.6,-29.5,47.6,43,87.7,27.4,41.9,60,61.9,43.1
Theft,PURSE-SNATCHING,494,303,276,338,79,325,917,305.7,-31.6,-34.2,17.8,6,18.3,11.2,10.2,12.5,12.1,11.3
Theft,RETAIL THEFT,10792,6355,6181,8718,2877,8846,21254,7084.7,-19.2,-18,43.1,25,400.2,235.7,229.2,323.3,328,262.7
Theft Over $500,OVER $500,14681,10742,13013,19948,5915,20867,43703,14567.7,35.9,42.1,60.4,43,544.4,398.4,482.6,739.8,773.8,540.2
Vandalism,INSTITUTIONAL VANDALISM,11,7,6,18,11,22,31,10.3,63.6,100,266.7,114,0.4,0.3,0.2,0.7,0.8,0.4
Vandalism,TO CITY OF CHICAGO PROPERTY,666,621,425,341,109,357,1387,462.3,-48.8,-46.4,-16,-23,24.7,23,15.8,12.6,13.2,17.1
Vandalism,TO FIRE FIGHT.APP.EQUIP,5,2,4,3,0,2,9,3,-40,-60,-50,-33,0.2,0.1,0.1,0.1,0.1,0.1
Vandalism,TO PROPERTY,12870,12572,12394,12122,3871,12256,37088,12362.7,-5.8,-4.8,-1.1,-1,477.3,466.2,459.6,449.5,454.5,458.5
Vandalism,TO STATE SUP PROP,114,19,0,0,0,0,19,6.3,-100,-100,NA,-100,4.2,0.7,0,0,0,0.2
Vandalism,TO STATE SUPPORTED PROPERTY,0,79,66,54,18,54,199,66.3,NA,NA,-18.2,-19,0,2.9,2.4,2,2,2.5
Vandalism,TO VEHICLE,12051,10873,11696,14216,4970,15822,36785,12261.7,18,31.3,35.3,29,446.9,403.2,433.7,527.2,586.7,454.7
Weapons Violation,ARMED WHILE UNDER THE INFLUENCE,69,45,35,29,10,27,109,36.3,-58,-60.9,-22.9,-26,2.6,1.7,1.3,1.1,1,1.3
Weapons Violation,CONCEALED CARRY LICENSE REVOCATION,3,1,4,5,0,3,10,3.3,66.7,0,-25,-9,0.1,0,0.1,0.2,0.1,0.1
Weapons Violation,DEFACE IDENT MARKS OF FIREARM,0,2,0,0,0,0,2,0.7,NA,NA,NA,-100,0,0.1,0,0,0,0
Weapons Violation,DEFACE IDENTIFICATION MARKS OF FIREARM,0,7,1,1,0,1,9,3,NA,NA,0,-67,0,0.3,0,0,0,0.1
Weapons Violation,OTHER,80,63,37,43,26,58,143,47.7,-46.2,-27.5,56.8,22,3,2.3,1.4,1.6,2.2,1.8
Weapons Violation,POSS FIREARM/AMMO:NO FOID CARD,81,19,0,0,0,0,19,6.3,-100,-100,NA,-100,3,0.7,0,0,0,0.2
Weapons Violation,POSSESS FIREARM / AMMUNITION - NO FOID CARD,1,57,32,30,8,30,119,39.7,2900,2900,-6.2,-24,0,2.1,1.2,1.1,1.1,1.5
Weapons Violation,PROHIBITED PLACES,68,40,101,105,27,97,246,82,54.4,42.6,-4,18,2.5,1.5,3.7,3.9,3.6,3
Weapons Violation,RECKLESS FIREARM DISCHARGE,861,1888,2483,2435,809,2519,6806,2268.7,182.8,192.6,1.4,11,31.9,70,92.1,90.3,93.4,84.1
Weapons Violation,UNLAWFUL POSS AMMUNITION,90,15,0,0,0,0,15,5,-100,-100,NA,-100,3.3,0.6,0,0,0,0.2
Weapons Violation,UNLAWFUL POSS OF HANDGUN,4042,682,0,0,0,0,682,227.3,-100,-100,NA,-100,149.9,25.3,0,0,0,8.4
Weapons Violation,UNLAWFUL POSS OTHER FIREARM,94,20,0,0,0,0,20,6.7,-100,-100,NA,-100,3.5,0.7,0,0,0,0.2
Weapons Violation,UNLAWFUL POSSESSION - AMMUNITION,0,60,58,54,23,62,172,57.3,NA,NA,6.9,8,0,2.2,2.2,2,2.3,2.1
Weapons Violation,UNLAWFUL POSSESSION - HANDGUN,19,4616,5555,5394,1636,5490,15565,5188.3,28289.5,28794.7,-1.2,6,0.7,171.2,206,200,203.6,192.4
Weapons Violation,UNLAWFUL POSSESSION - OTHER FIREARM,2,79,61,58,21,58,198,66,2800,2800,-4.9,-12,0.1,2.9,2.3,2.2,2.2,2.4
Weapons Violation,UNLAWFUL SALE - DELIVERY OF FIREARM AT SCHOOL,0,2,0,2,1,2,4,1.3,NA,NA,NA,54,0,0.1,0,0.1,0.1,0
Weapons Violation,UNLAWFUL SALE - HANDGUN,0,5,1,1,1,2,7,2.3,NA,NA,100,-13,0,0.2,0,0,0.1,0.1
Weapons Violation,UNLAWFUL SALE - OTHER FIREARM,1,2,1,0,2,2,3,1,-100,100,100,100,0,0.1,0,0,0.1,0
Weapons Violation,UNLAWFUL SALE HANDGUN,5,1,0,0,0,0,1,0.3,-100,-100,NA,-100,0.2,0,0,0,0,0
Weapons Violation,UNLAWFUL SALE OTHER FIREARM,1,0,0,0,0,0,0,0,-100,-100,NA,NA,0,0,0,0,0,0
Weapons Violation,UNLAWFUL USE - HANDGUN,16,558,351,283,82,257,1192,397.3,1668.8,1506.2,-26.8,-35,0.6,20.7,13,10.5,9.5,14.7
Weapons Violation,UNLAWFUL USE - OTHER DANGEROUS WEAPON,1,32,55,64,24,67,151,50.3,6300,6600,21.8,33,0,1.2,2,2.4,2.5,1.9
Weapons Violation,UNLAWFUL USE - OTHER FIREARM,2,238,361,360,108,351,959,319.7,17900,17450,-2.8,10,0.1,8.8,13.4,13.4,13,11.9
Weapons Violation,UNLAWFUL USE / SALE OF AIR RIFLE,0,11,12,22,2,21,45,15,NA,NA,75,40,0,0.4,0.4,0.8,0.8,0.6
Weapons Violation,UNLAWFUL USE HANDGUN,824,91,0,0,0,0,91,30.3,-100,-100,NA,-100,30.6,3.4,0,0,0,1.1
Weapons Violation,UNLAWFUL USE OTHER DANG WEAPON,113,19,0,0,0,0,19,6.3,-100,-100,NA,-100,4.2,0.7,0,0,0,0.2
Weapons Violation,UNLAWFUL USE OTHER FIREARM,145,19,0,0,0,0,19,6.3,-100,-100,NA,-100,5.4,0.7,0,0,0,0.2
Weapons Violation,UNLAWFUL USE/SALE AIR RIFLE,41,7,0,0,0,0,7,2.3,-100,-100,NA,-100,1.5,0.3,0,0,0,0.1
Weapons Violation,USE OF METAL PIERCING BULLETS,0,0,0,0,1,1,0,0,NA,NA,NA,NA,0,0,0,0,0,0
